번호,시설총규모,위생업태명
1,37 ,한식
2,71 ,한식
3,74 ,기타
4,20 ,한식
5,92 ,식육(숯불구이)
6,0 ,한식
7,96 ,식육(숯불구이)
8,185 ,한식
9,52 ,식육(숯불구이)
10,22 ,한식
11,12 ,통닭(치킨)
12,250 ,식육(숯불구이)
13,57 ,중국식
14,32 ,중국식
15,38 ,한식
16,18 ,호프/통닭
17,270 ,한식
18,16 ,중국식
19,58 ,한식
20,157 ,한식
21,21 ,호프/통닭
22,95 ,식육(숯불구이)
23,75 ,식육(숯불구이)
24,17 ,한식
25,13 ,한식
26,248 ,한식
27,71 ,한식
28,29 ,중국식
29,72 ,한식
30,37 ,중국식
31,38 ,통닭(치킨)
32,114 ,한식
33,30 ,한식
34,31 ,호프/통닭
35,46 ,중국식
36,41 ,한식
37,26 ,한식
38,99 ,호프/통닭
39,26 ,한식
40,77 ,한식
41,121 ,한식
42,24 ,한식
43,32 ,한식
44,91 ,호프/통닭
45,49 ,한식
46,100 ,한식
47,34 ,식육(숯불구이)
48,20 ,통닭(치킨)
49,157 ,한식
50,20 ,분식
51,0 ,통닭(치킨)
52,32 ,통닭(치킨)
53,48 ,한식
54,27 ,한식
55,45 ,통닭(치킨)
56,22 ,식육(숯불구이)
57,43 ,식육(숯불구이)
58,35 ,통닭(치킨)
59,76 ,한식
60,20 ,한식
61,78 ,한식
62,16 ,중국식
63,59 ,한식
64,29 ,호프/통닭
65,111 ,한식
66,21 ,한식
67,21 ,호프/통닭
68,22 ,식육(숯불구이)
69,92 ,한식
70,214 ,한식
71,30 ,호프/통닭
72,16 ,호프/통닭
73,69 ,한식
74,124 ,식육(숯불구이)
75,26 ,분식
76,30 ,통닭(치킨)
77,38 ,한식
78,41 ,기타
79,25 ,통닭(치킨)
80,31 ,호프/통닭
81,0 ,한식
82,24 ,한식
83,29 ,통닭(치킨)
84,60 ,한식
85,99 ,호프/통닭
86,24 ,한식
87,19 ,중국식
88,94 ,한식
89,20 ,중국식
90,65 ,한식
91,21 ,한식
92,19 ,한식
93,70 ,호프/통닭
94,95 ,회집
95,27 ,중국식
96,40 ,탕류(보신용)
97,43 ,회집
98,48 ,식육(숯불구이)
99,55 ,한식
100,153 ,한식
101,46 ,한식
102,22 ,분식
103,85 ,한식
104,122 ,한식
105,88 ,기타
106,41 ,호프/통닭
107,24 ,한식
108,27 ,한식
109,28 ,한식
110,63 ,한식
111,67 ,한식
112,36 ,통닭(치킨)
113,35 ,호프/통닭
114,23 ,한식
115,58 ,호프/통닭
116,23 ,호프/통닭
117,61 ,호프/통닭
118,41 ,기타
119,183 ,회집
120,33 ,호프/통닭
121,39 ,한식
122,77 ,한식
123,21 ,한식
124,67 ,한식
125,28 ,한식
126,70 ,탕류(보신용)
127,20 ,통닭(치킨)
128,20 ,통닭(치킨)
129,61 ,호프/통닭
130,23 ,한식
131,25 ,식육(숯불구이)
132,16 ,통닭(치킨)
133,46 ,한식
134,21 ,한식
135,31 ,호프/통닭
136,98 ,식육(숯불구이)
137,15 ,기타
138,110 ,식육(숯불구이)
139,50 ,한식
140,17 ,한식
141,28 ,호프/통닭
142,21 ,한식
143,81 ,한식
144,39 ,호프/통닭
145,14 ,통닭(치킨)
146,48 ,한식
147,40 ,한식
148,43 ,통닭(치킨)
149,45 ,중국식
150,21 ,통닭(치킨)
151,57 ,한식
152,114 ,식육(숯불구이)
153,34 ,한식
154,34 ,중국식
155,31 ,분식
156,93 ,한식
157,22 ,호프/통닭
158,58 ,한식
159,23 ,통닭(치킨)
160,95 ,한식
161,0 ,한식
162,178 ,한식
163,57 ,기타
164,96 ,분식
165,75 ,식육(숯불구이)
166,11 ,한식
167,75 ,식육(숯불구이)
168,26 ,중국식
169,32 ,한식
170,42 ,한식
171,124 ,식육(숯불구이)
172,27 ,분식
173,162 ,기타
174,27 ,한식
175,27 ,한식
176,22 ,한식
177,157 ,한식
178,26 ,일식
179,31 ,분식
180,75 ,중국식
181,76 ,한식
182,90 ,식육(숯불구이)
183,26 ,호프/통닭
184,27 ,호프/통닭
185,70 ,한식
186,62 ,호프/통닭
187,39 ,분식
188,24 ,식육(숯불구이)
189,81 ,식육(숯불구이)
190,92 ,호프/통닭
191,20 ,분식
192,17 ,분식
193,22 ,통닭(치킨)
194,32 ,호프/통닭
195,54 ,호프/통닭
196,26 ,호프/통닭
197,34 ,통닭(치킨)
198,46 ,한식
199,19 ,한식
200,129 ,한식
201,83 ,한식
202,72 ,경양식
203,20 ,한식
204,24 ,한식
205,46 ,호프/통닭
206,19 ,한식
207,24 ,호프/통닭
208,18 ,한식
209,78 ,호프/통닭
210,37 ,호프/통닭
211,31 ,한식
212,26 ,식육(숯불구이)
213,41 ,한식
214,73 ,호프/통닭
215,72 ,호프/통닭
216,37 ,한식
217,50 ,한식
218,30 ,호프/통닭
219,179 ,냉면집
220,39 ,호프/통닭
221,99 ,호프/통닭
222,111 ,한식
223,45 ,식육(숯불구이)
224,62 ,한식
225,17 ,분식
226,37 ,한식
227,56 ,한식
228,100 ,뷔페식
229,41 ,기타
230,55 ,통닭(치킨)
231,29 ,호프/통닭
232,31 ,기타
233,24 ,한식
234,92 ,호프/통닭
235,52 ,식육(숯불구이)
236,117 ,한식
237,16 ,한식
238,108 ,통닭(치킨)
239,80 ,한식
240,43 ,한식
241,15 ,한식
242,22 ,분식
243,79 ,한식
244,53 ,호프/통닭
245,92 ,식육(숯불구이)
246,17 ,한식
247,48 ,호프/통닭
248,41 ,식육(숯불구이)
249,89 ,호프/통닭
250,53 ,한식
251,34 ,분식
252,83 ,식육(숯불구이)
253,72 ,한식
254,30 ,한식
255,17 ,통닭(치킨)
256,28 ,호프/통닭
257,61 ,식육(숯불구이)
258,55 ,식육(숯불구이)
259,157 ,한식
260,19 ,통닭(치킨)
261,30 ,호프/통닭
262,36 ,한식
263,55 ,식육(숯불구이)
264,65 ,호프/통닭
265,25 ,통닭(치킨)
266,32 ,한식
267,37 ,중국식
268,48 ,한식
269,131 ,회집
270,37 ,통닭(치킨)
271,50 ,호프/통닭
272,34 ,통닭(치킨)
273,181 ,중국식
274,82 ,한식
275,38 ,호프/통닭
276,22 ,호프/통닭
277,49 ,통닭(치킨)
278,69 ,한식
279,22 ,기타
280,24 ,식육(숯불구이)
281,77 ,호프/통닭
282,92 ,한식
283,75 ,한식
284,32 ,한식
285,13 ,분식
286,8 ,한식
287,70 ,식육(숯불구이)
288,52 ,호프/통닭
289,79 ,통닭(치킨)
290,87 ,한식
291,69 ,한식
292,24 ,한식
293,20 ,호프/통닭
294,53 ,식육(숯불구이)
295,16 ,통닭(치킨)
296,83 ,호프/통닭
297,45 ,식육(숯불구이)
298,153 ,한식
299,73 ,한식
300,89 ,호프/통닭
301,59 ,한식
302,17 ,분식
303,19 ,통닭(치킨)
304,92 ,한식
305,21 ,한식
306,14 ,한식
307,49 ,식육(숯불구이)
308,36 ,한식
309,41 ,한식
310,136 ,식육(숯불구이)
311,25 ,호프/통닭
312,216 ,일식
313,33 ,분식
314,94 ,한식
315,48 ,회집
316,33 ,호프/통닭
317,38 ,호프/통닭
318,73 ,식육(숯불구이)
319,53 ,한식
320,98 ,한식
321,52 ,한식
322,31 ,통닭(치킨)
323,25 ,통닭(치킨)
324,19 ,호프/통닭
325,53 ,식육(숯불구이)
326,54 ,한식
327,56 ,호프/통닭
328,32 ,한식
329,43 ,한식
330,78 ,식육(숯불구이)
331,95 ,호프/통닭
332,16 ,분식
333,87 ,호프/통닭
334,94 ,호프/통닭
335,79 ,식육(숯불구이)
336,90 ,중국식
337,48 ,한식
338,56 ,통닭(치킨)
339,20 ,호프/통닭
340,18 ,호프/통닭
341,184 ,한식
342,20 ,통닭(치킨)
343,40 ,식육(숯불구이)
344,26 ,호프/통닭
345,13 ,통닭(치킨)
346,83 ,한식
347,264 ,회집
348,147 ,식육(숯불구이)
349,20 ,통닭(치킨)
350,81 ,한식
351,40 ,한식
352,43 ,호프/통닭
353,17 ,한식
354,11 ,호프/통닭
355,309 ,식육(숯불구이)
356,49 ,호프/통닭
357,33 ,식육(숯불구이)
358,28 ,한식
359,53 ,중국식
360,60 ,중국식
361,47 ,한식
362,32 ,한식
363,62 ,호프/통닭
364,66 ,중국식
365,87 ,기타
366,27 ,식육(숯불구이)
367,23 ,호프/통닭
368,48 ,호프/통닭
369,56 ,한식
370,52 ,한식
371,83 ,호프/통닭
372,127 ,호프/통닭
373,29 ,한식
374,122 ,식육(숯불구이)
375,46 ,한식
376,44 ,통닭(치킨)
377,193 ,식육(숯불구이)
378,52 ,분식
379,56 ,한식
380,95 ,식육(숯불구이)
381,28 ,한식
382,20 ,호프/통닭
383,29 ,한식
384,40 ,한식
385,37 ,한식
386,31 ,분식
387,69 ,한식
388,42 ,한식
389,177 ,식육(숯불구이)
390,44 ,식육(숯불구이)
391,63 ,한식
392,27 ,김밥(도시락)
393,36 ,호프/통닭
394,70 ,식육(숯불구이)
395,20 ,분식
396,59 ,중국식
397,26 ,호프/통닭
398,44 ,호프/통닭
399,43 ,한식
400,92 ,호프/통닭
401,56 ,한식
402,29 ,중국식
403,21 ,한식
404,36 ,한식
405,52 ,식육(숯불구이)
406,18 ,기타
407,56 ,한식
408,52 ,중국식
409,64 ,한식
410,39 ,호프/통닭
411,27 ,한식
412,100 ,한식
413,20 ,호프/통닭
414,97 ,한식
415,70 ,식육(숯불구이)
416,23 ,회집
417,28 ,호프/통닭
418,45 ,기타
419,113 ,호프/통닭
420,90 ,식육(숯불구이)
421,144 ,일식
422,92 ,식육(숯불구이)
423,112 ,한식
424,53 ,식육(숯불구이)
425,59 ,한식
426,32 ,한식
427,29 ,한식
428,25 ,한식
429,20 ,호프/통닭
430,55 ,식육(숯불구이)
431,16 ,한식
432,55 ,한식
433,38 ,중국식
434,90 ,호프/통닭
435,989 ,회집
436,41 ,식육(숯불구이)
437,58 ,분식
438,28 ,기타
439,45 ,호프/통닭
440,31 ,호프/통닭
441,96 ,통닭(치킨)
442,30 ,식육(숯불구이)
443,51 ,호프/통닭
444,35 ,호프/통닭
445,79 ,식육(숯불구이)
446,28 ,통닭(치킨)
447,16 ,통닭(치킨)
448,104 ,한식
449,21 ,호프/통닭
450,20 ,분식
451,297 ,한식
452,34 ,호프/통닭
453,27 ,분식
454,236 ,식육(숯불구이)
455,25 ,통닭(치킨)
456,20 ,한식
457,17 ,호프/통닭
458,41 ,한식
459,54 ,식육(숯불구이)
460,92 ,회집
461,47 ,분식
462,114 ,식육(숯불구이)
463,47 ,한식
464,42 ,한식
465,73 ,회집
466,30 ,호프/통닭
467,109 ,호프/통닭
468,69 ,한식
469,114 ,한식
470,47 ,통닭(치킨)
471,74 ,호프/통닭
472,76 ,한식
473,65 ,호프/통닭
474,41 ,호프/통닭
475,26 ,한식
476,219 ,일식
477,66 ,호프/통닭
478,133 ,한식
479,31 ,호프/통닭
480,16 ,식육(숯불구이)
481,25 ,통닭(치킨)
482,55 ,한식
483,39 ,통닭(치킨)
484,67 ,식육(숯불구이)
485,44 ,호프/통닭
486,38 ,한식
487,327 ,식육(숯불구이)
488,94 ,호프/통닭
489,155 ,호프/통닭
490,46 ,식육(숯불구이)
491,47 ,호프/통닭
492,34 ,한식
493,76 ,한식
494,93 ,호프/통닭
495,20 ,한식
496,48 ,경양식
497,24 ,식육(숯불구이)
498,26 ,한식
499,148 ,호프/통닭
500,76 ,호프/통닭
501,119 ,한식
502,50 ,한식
503,19 ,한식
504,27 ,한식
505,85 ,식육(숯불구이)
506,49 ,한식
507,304 ,중국식
508,58 ,패스트푸드
509,21 ,회집
510,59 ,중국식
511,55 ,한식
512,20 ,호프/통닭
513,39 ,김밥(도시락)
514,16 ,한식
515,39 ,식육(숯불구이)
516,294 ,한식
517,72 ,한식
518,82 ,호프/통닭
519,87 ,한식
520,58 ,중국식
521,14 ,분식
522,92 ,중국식
523,59 ,식육(숯불구이)
524,26 ,한식
525,222 ,분식
526,28 ,호프/통닭
527,300 ,중국식
528,65 ,회집
529,263 ,한식
530,99 ,한식
531,71 ,한식
532,58 ,일식
533,143 ,한식
534,57 ,한식
535,47 ,통닭(치킨)
536,16 ,기타
537,98 ,식육(숯불구이)
538,39 ,호프/통닭
539,165 ,한식
540,44 ,한식
541,119 ,호프/통닭
542,41 ,한식
543,40 ,한식
544,349 ,일식
545,45 ,한식
546,19 ,호프/통닭
547,105 ,호프/통닭
548,31 ,통닭(치킨)
549,39 ,호프/통닭
550,65 ,한식
551,60 ,회집
552,34 ,호프/통닭
553,28 ,호프/통닭
554,349 ,패스트푸드
555,24 ,통닭(치킨)
556,101 ,한식
557,41 ,식육(숯불구이)
558,179 ,호프/통닭
559,25 ,통닭(치킨)
560,110 ,한식
561,168 ,일식
562,59 ,식육(숯불구이)
563,26 ,한식
564,529 ,한식
565,63 ,식육(숯불구이)
566,48 ,경양식
567,341 ,한식
568,125 ,한식
569,150 ,식육(숯불구이)
570,51 ,중국식
571,51 ,식육(숯불구이)
572,113 ,회집
573,42 ,한식
574,239 ,호프/통닭
575,137 ,호프/통닭
576,37 ,식육(숯불구이)
577,39 ,중국식
578,262 ,한식
579,9 ,한식
580,46 ,호프/통닭
581,25 ,통닭(치킨)
582,124 ,한식
583,85 ,호프/통닭
584,50 ,통닭(치킨)
585,151 ,한식
586,33 ,일식
587,26 ,호프/통닭
588,99 ,한식
589,54 ,한식
590,64 ,한식
591,52 ,식육(숯불구이)
592,32 ,통닭(치킨)
593,101 ,호프/통닭
594,276 ,까페
595,111 ,한식
596,35 ,한식
597,59 ,기타
598,46 ,한식
599,97 ,호프/통닭
600,201 ,호프/통닭
601,203 ,호프/통닭
602,219 ,경양식
603,120 ,분식
604,57 ,한식
605,48 ,한식
606,42 ,호프/통닭
607,122 ,통닭(치킨)
608,108 ,한식
609,21 ,회집
610,46 ,기타
611,103 ,기타
612,45 ,호프/통닭
613,48 ,분식
614,217 ,패스트푸드
615,174 ,한식
616,72 ,한식
617,110 ,호프/통닭
618,60 ,한식
619,66 ,기타
620,25 ,한식
621,117 ,호프/통닭
622,122 ,식육(숯불구이)
623,93 ,통닭(치킨)
624,115 ,호프/통닭
625,58 ,분식
626,30 ,한식
627,91 ,한식
628,339 ,한식
629,128 ,호프/통닭
630,79 ,회집
631,109 ,한식
632,57 ,호프/통닭
633,93 ,식육(숯불구이)
634,109 ,한식
635,96 ,호프/통닭
636,14 ,호프/통닭
637,19 ,호프/통닭
638,63 ,통닭(치킨)
639,35 ,한식
640,40 ,한식
641,88 ,한식
642,51 ,경양식
643,40 ,식육(숯불구이)
644,24 ,분식
645,101 ,한식
646,1066 ,한식
647,17 ,한식
648,51 ,한식
649,26 ,통닭(치킨)
650,67 ,한식
651,194 ,한식
652,33 ,식육(숯불구이)
653,88 ,한식
654,69 ,식육(숯불구이)
655,63 ,호프/통닭
656,97 ,회집
657,50 ,한식
658,24 ,통닭(치킨)
659,145 ,기타
660,9 ,통닭(치킨)
661,48 ,한식
662,118 ,한식
663,13 ,패스트푸드
664,51 ,한식
665,36 ,경양식
666,119 ,한식
667,2283 ,뷔페식
668,114 ,통닭(치킨)
669,17 ,분식
670,31 ,호프/통닭
671,210 ,한식
672,18 ,한식
673,24 ,통닭(치킨)
674,166 ,호프/통닭
675,294 ,호프/통닭
676,370 ,패스트푸드
677,31 ,호프/통닭
678,23 ,분식
679,86 ,한식
680,36 ,호프/통닭
681,88 ,한식
682,36 ,한식
683,122 ,호프/통닭
684,19 ,분식
685,50 ,한식
686,22 ,한식
687,46 ,호프/통닭
688,19 ,한식
689,0 ,식육(숯불구이)
690,15 ,분식
691,0 ,분식
692,236 ,호프/통닭
693,62 ,식육(숯불구이)
694,24 ,식육(숯불구이)
695,26 ,식육(숯불구이)
696,50 ,식육(숯불구이)
697,0 ,한식
698,102 ,한식
699,41 ,식육(숯불구이)
700,78 ,한식
701,0 ,한식
702,117 ,호프/통닭
703,251 ,한식
704,32 ,한식
705,80 ,기타
706,804 ,한식
707,39 ,한식
708,88 ,식육(숯불구이)
709,88 ,한식
710,41 ,식육(숯불구이)
711,60 ,한식
712,30 ,한식
713,50 ,중국식
714,68 ,한식
715,50 ,한식
716,40 ,호프/통닭
717,173 ,식육(숯불구이)
718,25 ,한식
719,98 ,호프/통닭
720,119 ,한식
721,101 ,한식
722,71 ,한식
723,63 ,식육(숯불구이)
724,64 ,한식
725,20 ,한식
726,217 ,호프/통닭
727,130 ,까페
728,75 ,한식
729,28 ,통닭(치킨)
730,86 ,호프/통닭
731,34 ,호프/통닭
732,21 ,한식
733,34 ,한식
734,28 ,한식
735,45 ,한식
736,100 ,분식
737,30 ,한식
738,17 ,한식
739,209 ,중국식
740,86 ,한식
741,54 ,한식
742,74 ,식육(숯불구이)
743,63 ,한식
744,20 ,한식
745,41 ,식육(숯불구이)
746,74 ,일식
747,39 ,한식
748,134 ,통닭(치킨)
749,33 ,분식
750,60 ,통닭(치킨)
751,59 ,한식
752,27 ,통닭(치킨)
753,64 ,한식
754,460 ,한식
755,20 ,통닭(치킨)
756,58 ,호프/통닭
757,87 ,호프/통닭
758,95 ,한식
759,32 ,식육(숯불구이)
760,42 ,한식
761,20 ,한식
762,159 ,호프/통닭
763,236 ,회집
764,44 ,식육(숯불구이)
765,34 ,한식
766,0 ,식육(숯불구이)
767,0 ,한식
768,25 ,식육(숯불구이)
769,50 ,호프/통닭
770,99 ,식육(숯불구이)
771,58 ,한식
772,0 ,한식
773,84 ,회집
774,184 ,한식
775,152 ,회집
776,15 ,호프/통닭
777,95 ,호프/통닭
778,104 ,일식
779,0 ,한식
780,8 ,호프/통닭
781,65 ,한식
782,204 ,호프/통닭
783,26 ,호프/통닭
784,18 ,분식
785,33 ,호프/통닭
786,60 ,한식
787,33 ,한식
788,44 ,한식
789,92 ,한식
790,103 ,한식
791,133 ,한식
792,141 ,한식
793,51 ,한식
794,57 ,호프/통닭
795,0 ,한식
796,66 ,한식
797,46 ,호프/통닭
798,31 ,호프/통닭
799,61 ,통닭(치킨)
800,41 ,경양식
801,63 ,식육(숯불구이)
802,258 ,식육(숯불구이)
803,46 ,한식
804,295 ,중국식
805,108 ,식육(숯불구이)
806,132 ,한식
807,41 ,탕류(보신용)
808,47 ,식육(숯불구이)
809,65 ,식육(숯불구이)
810,161 ,경양식
811,43 ,한식
812,36 ,기타
813,746 ,한식
814,34 ,한식
815,163 ,경양식
816,102 ,한식
817,337 ,까페
818,280 ,한식
819,42 ,한식
820,76 ,식육(숯불구이)
821,155 ,한식
822,115 ,기타
823,130 ,한식
824,28 ,호프/통닭
825,23 ,식육(숯불구이)
826,22 ,통닭(치킨)
827,209 ,식육(숯불구이)
828,38 ,한식
829,52 ,한식
830,63 ,한식
831,21 ,탕류(보신용)
832,290 ,중국식
833,78 ,식육(숯불구이)
834,104 ,한식
835,142 ,한식
836,212 ,탕류(보신용)
837,41 ,식육(숯불구이)
838,82 ,한식
839,61 ,식육(숯불구이)
840,251 ,한식
841,28 ,한식
842,285 ,식육(숯불구이)
843,24 ,경양식
844,31 ,호프/통닭
845,111 ,한식
846,15 ,한식
847,17 ,호프/통닭
848,40 ,분식
849,136 ,한식
850,22 ,식육(숯불구이)
851,61 ,한식
852,11 ,분식
853,163 ,복어취급
854,37 ,호프/통닭
855,25 ,호프/통닭
856,117 ,한식
857,50 ,식육(숯불구이)
858,157 ,경양식
859,37 ,통닭(치킨)
860,72 ,식육(숯불구이)
861,95 ,경양식
862,77 ,한식
863,92 ,한식
864,22 ,식육(숯불구이)
865,25 ,호프/통닭
866,23 ,기타
867,44 ,한식
868,73 ,한식
869,63 ,패스트푸드
870,31 ,한식
871,118 ,한식
872,118 ,한식
873,217 ,한식
874,17 ,한식
875,68 ,식육(숯불구이)
876,14 ,기타
877,33 ,호프/통닭
878,137 ,탕류(보신용)
879,35 ,호프/통닭
880,167 ,식육(숯불구이)
881,41 ,한식
882,45 ,한식
883,18 ,한식
884,30 ,통닭(치킨)
885,1570 ,식육(숯불구이)
886,62 ,식육(숯불구이)
887,68 ,한식
888,122 ,경양식
889,69 ,분식
890,33 ,호프/통닭
891,85 ,일식
892,15 ,한식
893,71 ,통닭(치킨)
894,37 ,호프/통닭
895,171 ,경양식
896,47 ,호프/통닭
897,22 ,식육(숯불구이)
898,62 ,탕류(보신용)
899,88 ,한식
900,30 ,탕류(보신용)
901,49 ,통닭(치킨)
902,31 ,통닭(치킨)
903,54 ,한식
904,29 ,한식
905,43 ,김밥(도시락)
906,89 ,식육(숯불구이)
907,26 ,호프/통닭
908,37 ,호프/통닭
909,20 ,통닭(치킨)
910,43 ,통닭(치킨)
911,94 ,식육(숯불구이)
912,211 ,한식
913,82 ,식육(숯불구이)
914,114 ,한식
915,25 ,분식
916,238 ,한식
917,29 ,통닭(치킨)
918,17 ,한식
919,84 ,한식
920,107 ,한식
921,34 ,호프/통닭
922,100 ,한식
923,31 ,한식
924,18 ,한식
925,416 ,한식
926,275 ,한식
927,46 ,분식
928,77 ,식육(숯불구이)
929,174 ,식육(숯불구이)
930,87 ,식육(숯불구이)
931,32 ,경양식
932,38 ,호프/통닭
933,375 ,식육(숯불구이)
934,16 ,통닭(치킨)
935,1012 ,중국식
936,209 ,한식
937,24 ,식육(숯불구이)
938,137 ,식육(숯불구이)
939,216 ,일식
940,285 ,한식
941,44 ,한식
942,93 ,한식
943,295 ,경양식
944,436 ,호프/통닭
945,242 ,한식
946,34 ,일식
947,93 ,식육(숯불구이)
948,30 ,식육(숯불구이)
949,55 ,중국식
950,197 ,통닭(치킨)
951,152 ,한식
952,33 ,한식
953,34 ,패스트푸드
954,46 ,한식
955,35 ,한식
956,49 ,한식
957,36 ,한식
958,41 ,통닭(치킨)
959,19 ,한식
960,173 ,호프/통닭
961,48 ,호프/통닭
962,73 ,호프/통닭
963,109 ,호프/통닭
964,13 ,한식
965,32 ,호프/통닭
966,123 ,회집
967,30 ,경양식
968,93 ,한식
969,358 ,일식
970,54 ,통닭(치킨)
971,45 ,기타
972,153 ,한식
973,82 ,호프/통닭
974,113 ,한식
975,14 ,분식
976,30 ,식육(숯불구이)
977,34 ,호프/통닭
978,45 ,호프/통닭
979,23 ,식육(숯불구이)
980,70 ,한식
981,94 ,한식
982,21 ,중국식
983,20 ,경양식
984,36 ,탕류(보신용)
985,74 ,분식
986,18 ,식육(숯불구이)
987,81 ,기타
988,30 ,식육(숯불구이)
989,53 ,한식
990,40 ,기타
991,49 ,중국식
992,109 ,호프/통닭
993,22 ,한식
994,66 ,식육(숯불구이)
995,21 ,호프/통닭
996,24 ,한식
997,27 ,한식
998,88 ,식육(숯불구이)
999,218 ,한식
1000,169 ,한식
1001,22 ,호프/통닭
1002,13 ,분식
1003,253 ,중국식
1004,19 ,한식
1005,19 ,한식
1006,97 ,한식
1007,155 ,한식
1008,166 ,한식
1009,58 ,호프/통닭
1010,42 ,한식
1011,46 ,한식
1012,113 ,호프/통닭
1013,70 ,기타
1014,13 ,분식
1015,154 ,식육(숯불구이)
1016,88 ,식육(숯불구이)
1017,48 ,한식
1018,20 ,분식
1019,73 ,한식
1020,53 ,호프/통닭
1021,17 ,통닭(치킨)
1022,41 ,회집
1023,58 ,한식
1024,15 ,회집
1025,14 ,호프/통닭
1026,59 ,중국식
1027,48 ,중국식
1028,107 ,식육(숯불구이)
1029,48 ,한식
1030,18 ,한식
1031,64 ,한식
1032,30 ,분식
1033,91 ,식육(숯불구이)
1034,36 ,한식
1035,52 ,중국식
1036,64 ,호프/통닭
1037,46 ,통닭(치킨)
1038,182 ,호프/통닭
1039,37 ,통닭(치킨)
1040,71 ,중국식
1041,106 ,통닭(치킨)
1042,136 ,한식
1043,45 ,한식
1044,55 ,식육(숯불구이)
1045,80 ,호프/통닭
1046,19 ,기타
1047,39 ,호프/통닭
1048,51 ,호프/통닭
1049,65 ,호프/통닭
1050,15 ,회집
1051,32 ,한식
1052,82 ,호프/통닭
1053,86 ,식육(숯불구이)
1054,33 ,한식
1055,494 ,식육(숯불구이)
1056,54 ,호프/통닭
1057,51 ,한식
1058,124 ,한식
1059,401 ,호프/통닭
1060,80 ,호프/통닭
1061,120 ,식육(숯불구이)
1062,97 ,식육(숯불구이)
1063,26 ,한식
1064,95 ,호프/통닭
1065,98 ,한식
1066,96 ,호프/통닭
1067,54 ,통닭(치킨)
1068,294 ,식육(숯불구이)
1069,23 ,한식
1070,32 ,김밥(도시락)
1071,91 ,경양식
1072,21 ,통닭(치킨)
1073,111 ,호프/통닭
1074,59 ,식육(숯불구이)
1075,91 ,한식
1076,53 ,한식
1077,59 ,회집
1078,439 ,한식
1079,24 ,한식
1080,65 ,통닭(치킨)
1081,34 ,통닭(치킨)
1082,21 ,한식
1083,103 ,분식
1084,23 ,한식
1085,67 ,호프/통닭
1086,145 ,경양식
1087,45 ,호프/통닭
1088,43 ,한식
1089,84 ,경양식
1090,43 ,식육(숯불구이)
1091,22 ,통닭(치킨)
1092,47 ,호프/통닭
1093,40 ,통닭(치킨)
1094,71 ,기타
1095,24 ,한식
1096,30 ,한식
1097,28 ,호프/통닭
1098,42 ,한식
1099,347 ,식육(숯불구이)
1100,57 ,호프/통닭
1101,94 ,회집
1102,21 ,한식
1103,123 ,호프/통닭
1104,86 ,호프/통닭
1105,52 ,한식
1106,84 ,한식
1107,77 ,한식
1108,65 ,한식
1109,311 ,한식
1110,320 ,한식
1111,163 ,한식
1112,277 ,한식
1113,83 ,호프/통닭
1114,93 ,호프/통닭
1115,86 ,호프/통닭
1116,229 ,식육(숯불구이)
1117,37 ,호프/통닭
1118,299 ,한식
1119,28 ,호프/통닭
1120,35 ,통닭(치킨)
1121,66 ,한식
1122,28 ,통닭(치킨)
1123,26 ,호프/통닭
1124,35 ,한식
1125,101 ,식육(숯불구이)
1126,86 ,회집
1127,18 ,호프/통닭
1128,46 ,호프/통닭
1129,71 ,호프/통닭
1130,52 ,호프/통닭
1131,32 ,한식
1132,17 ,통닭(치킨)
1133,193 ,한식
1134,194 ,패스트푸드
1135,22 ,한식
1136,26 ,호프/통닭
1137,30 ,분식
1138,99 ,한식
1139,32 ,분식
1140,193 ,호프/통닭
1141,62 ,호프/통닭
1142,152 ,식육(숯불구이)
1143,188 ,회집
1144,49 ,기타
1145,31 ,분식
1146,108 ,한식
1147,87 ,호프/통닭
1148,27 ,호프/통닭
1149,92 ,호프/통닭
1150,32 ,호프/통닭
1151,20 ,중국식
1152,71 ,식육(숯불구이)
1153,79 ,식육(숯불구이)
1154,215 ,호프/통닭
1155,94 ,한식
1156,46 ,한식
1157,79 ,식육(숯불구이)
1158,115 ,중국식
1159,42 ,분식
1160,19 ,식육(숯불구이)
1161,59 ,기타
1162,62 ,식육(숯불구이)
1163,22 ,기타
1164,253 ,호프/통닭
1165,82 ,한식
1166,22 ,통닭(치킨)
1167,4455 ,뷔페식
1168,32 ,통닭(치킨)
1169,28 ,한식
1170,127 ,식육(숯불구이)
1171,84 ,까페
1172,189 ,호프/통닭
1173,91 ,경양식
1174,110 ,호프/통닭
1175,32 ,한식
1176,63 ,중국식
1177,36 ,한식
1178,138 ,한식
1179,57 ,경양식
1180,51 ,중국식
1181,55 ,호프/통닭
1182,32 ,식육(숯불구이)
1183,101 ,호프/통닭
1184,163 ,중국식
1185,77 ,한식
1186,39 ,호프/통닭
1187,187 ,호프/통닭
1188,89 ,경양식
1189,188 ,한식
1190,28 ,통닭(치킨)
1191,81 ,호프/통닭
1192,51 ,호프/통닭
1193,95 ,한식
1194,92 ,한식
1195,80 ,한식
1196,80 ,호프/통닭
1197,40 ,호프/통닭
1198,14 ,호프/통닭
1199,95 ,호프/통닭
1200,13 ,호프/통닭
1201,426 ,한식
1202,133 ,한식
1203,34 ,분식
1204,69 ,한식
1205,75 ,식육(숯불구이)
1206,102 ,한식
1207,38 ,식육(숯불구이)
1208,185 ,한식
1209,505 ,식육(숯불구이)
1210,31 ,한식
1211,40 ,한식
1212,183 ,경양식
1213,407 ,한식
1214,94 ,호프/통닭
1215,137 ,한식
1216,60 ,한식
1217,24 ,통닭(치킨)
1218,314 ,호프/통닭
1219,102 ,한식
1220,62 ,호프/통닭
1221,39 ,호프/통닭
1222,47 ,식육(숯불구이)
1223,78 ,한식
1224,70 ,한식
1225,42 ,분식
1226,285 ,호프/통닭
1227,482 ,한식
1228,66 ,분식
1229,32 ,회집
1230,321 ,분식
1231,46 ,한식
1232,125 ,한식
1233,15 ,한식
1234,118 ,호프/통닭
1235,25 ,통닭(치킨)
1236,33 ,호프/통닭
1237,124 ,한식
1238,146 ,한식
1239,50 ,한식
1240,83 ,한식
1241,374 ,경양식
1242,131 ,한식
1243,45 ,한식
1244,117 ,한식
1245,93 ,한식
1246,227 ,식육(숯불구이)
1247,266 ,한식
1248,51 ,식육(숯불구이)
1249,106 ,한식
1250,0 ,한식
1251,100 ,한식
1252,54 ,한식
1253,119 ,식육(숯불구이)
1254,87 ,한식
1255,120 ,한식
1256,71 ,호프/통닭
1257,86 ,한식
1258,36 ,분식
1259,45 ,식육(숯불구이)
1260,117 ,호프/통닭
1261,33 ,통닭(치킨)
1262,75 ,호프/통닭
1263,9 ,한식
1264,69 ,호프/통닭
1265,32 ,호프/통닭
1266,21 ,한식
1267,36 ,한식
1268,49 ,기타
1269,42 ,회집
1270,64 ,한식
1271,23 ,패스트푸드
1272,96 ,호프/통닭
1273,39 ,한식
1274,26 ,분식
1275,80 ,식육(숯불구이)
1276,130 ,한식
1277,56 ,기타
1278,117 ,호프/통닭
1279,35 ,호프/통닭
1280,20 ,통닭(치킨)
1281,36 ,식육(숯불구이)
1282,275 ,호프/통닭
1283,59 ,호프/통닭
1284,64 ,호프/통닭
1285,20 ,호프/통닭
1286,59 ,한식
1287,23 ,분식
1288,55 ,통닭(치킨)
1289,132 ,한식
1290,44 ,호프/통닭
1291,69 ,한식
1292,86 ,식육(숯불구이)
1293,385 ,호프/통닭
1294,52 ,식육(숯불구이)
1295,21 ,통닭(치킨)
1296,325 ,기타
1297,25 ,호프/통닭
1298,68 ,통닭(치킨)
1299,96 ,식육(숯불구이)
1300,162 ,한식
1301,133 ,한식
1302,31 ,호프/통닭
1303,83 ,호프/통닭
1304,79 ,분식
1305,61 ,호프/통닭
1306,128 ,식육(숯불구이)
1307,38 ,분식
1308,20 ,통닭(치킨)
1309,34 ,통닭(치킨)
1310,645 ,한식
1311,36 ,식육(숯불구이)
1312,22 ,호프/통닭
1313,58 ,한식
1314,106 ,기타
1315,599 ,한식
1316,15 ,통닭(치킨)
1317,221 ,식육(숯불구이)
1318,180 ,분식
1319,52 ,식육(숯불구이)
1320,31 ,한식
1321,5 ,분식
1322,116 ,호프/통닭
1323,92 ,호프/통닭
1324,48 ,호프/통닭
1325,41 ,호프/통닭
1326,96 ,호프/통닭
1327,343 ,한식
1328,75 ,한식
1329,75 ,호프/통닭
1330,19 ,식육(숯불구이)
1331,162 ,회집
1332,21 ,호프/통닭
1333,34 ,한식
1334,89 ,한식
1335,40 ,한식
1336,91 ,호프/통닭
1337,110 ,기타
1338,71 ,호프/통닭
1339,38 ,패스트푸드
1340,87 ,중국식
1341,31 ,통닭(치킨)
1342,95 ,호프/통닭
1343,34 ,호프/통닭
1344,58 ,한식
1345,34 ,분식
1346,131 ,한식
1347,103 ,한식
1348,57 ,한식
1349,79 ,한식
1350,45 ,호프/통닭
1351,30 ,한식
1352,47 ,호프/통닭
1353,27 ,분식
1354,77 ,한식
1355,130 ,한식
1356,29 ,한식
1357,21 ,분식
1358,146 ,식육(숯불구이)
1359,365 ,한식
1360,31 ,호프/통닭
1361,32 ,식육(숯불구이)
1362,32 ,호프/통닭
1363,392 ,호프/통닭
1364,88 ,호프/통닭
1365,55 ,호프/통닭
1366,157 ,한식
1367,66 ,회집
1368,77 ,한식
1369,22 ,분식
1370,374 ,한식
1371,103 ,중국식
1372,265 ,회집
1373,20 ,분식
1374,352 ,복어취급
1375,37 ,호프/통닭
1376,173 ,한식
1377,349 ,중국식
1378,32 ,호프/통닭
1379,17 ,한식
1380,54 ,호프/통닭
1381,489 ,식육(숯불구이)
1382,73 ,통닭(치킨)
1383,95 ,한식
1384,49 ,중국식
1385,23 ,분식
1386,167 ,한식
1387,62 ,한식
1388,51 ,식육(숯불구이)
1389,35 ,기타
1390,260 ,호프/통닭
1391,120 ,한식
1392,187 ,호프/통닭
1393,44 ,분식
1394,600 ,뷔페식
1395,28 ,통닭(치킨)
1396,43 ,한식
1397,99 ,호프/통닭
1398,107 ,기타
1399,127 ,한식
1400,397 ,식육(숯불구이)
1401,15 ,한식
1402,483 ,한식
1403,57 ,식육(숯불구이)
1404,278 ,호프/통닭
1405,66 ,한식
1406,144 ,한식
1407,123 ,호프/통닭
1408,114 ,회집
1409,22 ,한식
1410,38 ,식육(숯불구이)
1411,38 ,식육(숯불구이)
1412,113 ,호프/통닭
1413,171 ,식육(숯불구이)
1414,24 ,통닭(치킨)
1415,68 ,한식
1416,10 ,분식
1417,20 ,한식
1418,64 ,한식
1419,26 ,한식
1420,180 ,호프/통닭
1421,23 ,분식
1422,28 ,한식
1423,62 ,경양식
1424,85 ,한식
1425,286 ,한식
1426,95 ,한식
1427,365 ,한식
1428,153 ,호프/통닭
1429,552 ,호프/통닭
1430,17 ,호프/통닭
1431,57 ,한식
1432,64 ,호프/통닭
1433,84 ,한식
1434,189 ,호프/통닭
1435,43 ,한식
1436,57 ,중국식
1437,55 ,호프/통닭
1438,50 ,식육(숯불구이)
1439,163 ,한식
1440,21 ,한식
1441,47 ,통닭(치킨)
1442,50 ,한식
1443,83 ,분식
1444,626 ,뷔페식
1445,11 ,분식
1446,26 ,한식
1447,39 ,한식
1448,88 ,한식
1449,129 ,까페
1450,138 ,회집
1451,96 ,기타
1452,181 ,호프/통닭
1453,36 ,한식
1454,84 ,한식
1455,42 ,한식
1456,754 ,식육(숯불구이)
1457,90 ,호프/통닭
1458,46 ,한식
1459,20 ,한식
1460,32 ,호프/통닭
1461,54 ,한식
1462,36 ,한식
1463,60 ,한식
1464,132 ,호프/통닭
1465,75 ,한식
1466,73 ,한식
1467,112 ,한식
1468,65 ,분식
1469,27 ,경양식
1470,52 ,한식
1471,26 ,통닭(치킨)
1472,137 ,한식
1473,25 ,한식
1474,82 ,한식
1475,148 ,호프/통닭
1476,32 ,분식
1477,88 ,분식
1478,472 ,경양식
1479,59 ,호프/통닭
1480,31 ,호프/통닭
1481,107 ,기타
1482,82 ,호프/통닭
1483,162 ,한식
1484,55 ,한식
1485,106 ,중국식
1486,68 ,한식
1487,148 ,한식
1488,186 ,한식
1489,415 ,중국식
1490,380 ,한식
1491,21 ,한식
1492,217 ,호프/통닭
1493,428 ,호프/통닭
1494,27 ,호프/통닭
1495,70 ,분식
1496,47 ,한식
1497,30 ,호프/통닭
1498,46 ,식육(숯불구이)
1499,90 ,식육(숯불구이)
1500,82 ,한식
1501,99 ,호프/통닭
1502,322 ,호프/통닭
1503,130 ,한식
1504,71 ,한식
1505,104 ,한식
1506,162 ,호프/통닭
1507,29 ,호프/통닭
1508,117 ,복어취급
1509,148 ,식육(숯불구이)
1510,57 ,분식
1511,32 ,분식
1512,91 ,호프/통닭
1513,455 ,일식
1514,30 ,통닭(치킨)
1515,22 ,식육(숯불구이)
1516,106 ,식육(숯불구이)
1517,100 ,분식
1518,100 ,한식
1519,54 ,패스트푸드
1520,101 ,한식
1521,76 ,호프/통닭
1522,793 ,한식
1523,53 ,호프/통닭
1524,169 ,기타
1525,90 ,호프/통닭
1526,51 ,호프/통닭
1527,19 ,통닭(치킨)
1528,87 ,호프/통닭
1529,38 ,한식
1530,174 ,한식
1531,368 ,호프/통닭
1532,66 ,한식
1533,122 ,호프/통닭
1534,242 ,호프/통닭
1535,135 ,호프/통닭
1536,19 ,회집
1537,310 ,식육(숯불구이)
1538,177 ,기타
1539,35 ,까페
1540,20 ,식육(숯불구이)
1541,179 ,기타
1542,310 ,호프/통닭
1543,73 ,기타
1544,230 ,식육(숯불구이)
1545,136 ,한식
1546,100 ,한식
1547,22 ,분식
1548,32 ,분식
1549,184 ,한식
1550,130 ,식육(숯불구이)
1551,41 ,한식
1552,31 ,분식
1553,97 ,호프/통닭
1554,121 ,기타
1555,85 ,호프/통닭
1556,72 ,기타
1557,98 ,호프/통닭
1558,36 ,통닭(치킨)
1559,28 ,한식
1560,26 ,통닭(치킨)
1561,75 ,한식
1562,198 ,호프/통닭
1563,63 ,한식
1564,105 ,한식
1565,32 ,한식
1566,39 ,호프/통닭
1567,92 ,한식
1568,67 ,식육(숯불구이)
1569,30 ,호프/통닭
1570,36 ,호프/통닭
1571,180 ,기타
1572,38 ,통닭(치킨)
1573,60 ,식육(숯불구이)
1574,24 ,한식
1575,99 ,식육(숯불구이)
1576,49 ,호프/통닭
1577,53 ,기타
1578,57 ,식육(숯불구이)
1579,30 ,한식
1580,41 ,회집
1581,250 ,중국식
1582,81 ,한식
1583,70 ,한식
1584,32 ,식육(숯불구이)
1585,24 ,한식
1586,37 ,중국식
1587,24 ,한식
1588,246 ,호프/통닭
1589,78 ,한식
1590,110 ,호프/통닭
1591,115 ,한식
1592,43 ,통닭(치킨)
1593,164 ,한식
1594,39 ,한식
1595,72 ,식육(숯불구이)
1596,30 ,호프/통닭
1597,141 ,회집
1598,123 ,한식
1599,30 ,분식
1600,62 ,식육(숯불구이)
1601,26 ,분식
1602,51 ,기타
1603,18 ,호프/통닭
1604,18 ,한식
1605,19 ,호프/통닭
1606,219 ,한식
1607,58 ,호프/통닭
1608,78 ,한식
1609,24 ,중국식
1610,78 ,통닭(치킨)
1611,95 ,회집
1612,144 ,식육(숯불구이)
1613,71 ,한식
1614,71 ,식육(숯불구이)
1615,97 ,호프/통닭
1616,24 ,한식
1617,140 ,한식
1618,26 ,김밥(도시락)
1619,91 ,호프/통닭
1620,43 ,호프/통닭
1621,115 ,한식
1622,113 ,한식
1623,60 ,통닭(치킨)
1624,75 ,호프/통닭
1625,79 ,식육(숯불구이)
1626,31 ,호프/통닭
1627,79 ,식육(숯불구이)
1628,66 ,한식
1629,29 ,호프/통닭
1630,76 ,식육(숯불구이)
1631,102 ,한식
1632,81 ,호프/통닭
1633,71 ,분식
1634,37 ,호프/통닭
1635,80 ,한식
1636,76 ,분식
1637,265 ,식육(숯불구이)
1638,26 ,정종/대포집/소주방
1639,37 ,분식
1640,34 ,통닭(치킨)
1641,62 ,호프/통닭
1642,43 ,호프/통닭
1643,182 ,분식
1644,15 ,분식
1645,58 ,식육(숯불구이)
1646,36 ,한식
1647,96 ,한식
1648,90 ,분식
1649,48 ,한식
1650,31 ,분식
1651,36 ,호프/통닭
1652,28 ,한식
1653,69 ,한식
1654,59 ,식육(숯불구이)
1655,50 ,한식
1656,77 ,한식
1657,82 ,한식
1658,251 ,한식
1659,73 ,분식
1660,93 ,한식
1661,66 ,호프/통닭
1662,41 ,호프/통닭
1663,148 ,한식
1664,74 ,기타
1665,53 ,한식
1666,56 ,한식
1667,91 ,한식
1668,155 ,한식
1669,158 ,한식
1670,39 ,한식
1671,64 ,한식
1672,20 ,한식
1673,111 ,한식
1674,57 ,분식
1675,78 ,일식
1676,96 ,식육(숯불구이)
1677,823 ,뷔페식
1678,32 ,호프/통닭
1679,61 ,통닭(치킨)
1680,135 ,한식
1681,45 ,호프/통닭
1682,99 ,기타
1683,64 ,통닭(치킨)
1684,327 ,분식
1685,74 ,한식
1686,303 ,한식
1687,46 ,호프/통닭
1688,53 ,분식
1689,78 ,한식
1690,42 ,식육(숯불구이)
1691,87 ,한식
1692,228 ,일식
1693,31 ,경양식
1694,123 ,한식
1695,153 ,한식
1696,62 ,한식
1697,86 ,분식
1698,27 ,한식
1699,96 ,호프/통닭
1700,26 ,호프/통닭
1701,44 ,한식
1702,850 ,뷔페식
1703,151 ,식육(숯불구이)
1704,58 ,호프/통닭
1705,90 ,한식
1706,107 ,한식
1707,34 ,한식
1708,190 ,회집
1709,69 ,식육(숯불구이)
1710,63 ,한식
1711,80 ,한식
1712,43 ,한식
1713,32 ,한식
1714,32 ,호프/통닭
1715,97 ,한식
1716,42 ,기타
1717,77 ,식육(숯불구이)
1718,166 ,한식
1719,396 ,한식
1720,137 ,식육(숯불구이)
1721,49 ,통닭(치킨)
1722,22 ,분식
1723,58 ,식육(숯불구이)
1724,173 ,한식
1725,40 ,분식
1726,101 ,호프/통닭
1727,121 ,호프/통닭
1728,243 ,한식
1729,89 ,한식
1730,78 ,분식
1731,52 ,호프/통닭
1732,132 ,호프/통닭
1733,303 ,식육(숯불구이)
1734,73 ,식육(숯불구이)
1735,251 ,한식
1736,152 ,한식
1737,61 ,기타
1738,60 ,한식
1739,46 ,한식
1740,23 ,분식
1741,65 ,식육(숯불구이)
1742,41 ,통닭(치킨)
1743,38 ,호프/통닭
1744,57 ,호프/통닭
1745,194 ,한식
1746,43 ,한식
1747,40 ,호프/통닭
1748,32 ,중국식
1749,81 ,한식
1750,90 ,호프/통닭
1751,77 ,한식
1752,76 ,한식
1753,30 ,호프/통닭
1754,46 ,패스트푸드
1755,74 ,식육(숯불구이)
1756,30 ,호프/통닭
1757,76 ,한식
1758,29 ,분식
1759,105 ,한식
1760,50 ,식육(숯불구이)
1761,57 ,경양식
1762,53 ,한식
1763,46 ,호프/통닭
1764,64 ,호프/통닭
1765,83 ,한식
1766,61 ,패스트푸드
1767,119 ,한식
1768,22 ,한식
1769,174 ,한식
1770,116 ,한식
1771,96 ,식육(숯불구이)
1772,30 ,한식
1773,82 ,호프/통닭
1774,73 ,호프/통닭
1775,76 ,호프/통닭
1776,64 ,호프/통닭
1777,42 ,한식
1778,41 ,호프/통닭
1779,74 ,호프/통닭
1780,15 ,분식
1781,32 ,기타
1782,41 ,한식
1783,55 ,한식
1784,78 ,한식
1785,54 ,식육(숯불구이)
1786,65 ,호프/통닭
1787,23 ,패스트푸드
1788,54 ,한식
1789,21 ,통닭(치킨)
1790,118 ,한식
1791,30 ,한식
1792,92 ,분식
1793,40 ,호프/통닭
1794,45 ,한식
1795,135 ,한식
1796,23 ,분식
1797,27 ,한식
1798,71 ,한식
1799,205 ,식육(숯불구이)
1800,33 ,패스트푸드
1801,291 ,식육(숯불구이)
1802,60 ,호프/통닭
1803,264 ,호프/통닭
1804,20 ,분식
1805,340 ,호프/통닭
1806,62 ,호프/통닭
1807,82 ,통닭(치킨)
1808,78 ,호프/통닭
1809,84 ,회집
1810,147 ,호프/통닭
1811,31 ,한식
1812,314 ,한식
1813,30 ,호프/통닭
1814,25 ,한식
1815,60 ,한식
1816,40 ,식육(숯불구이)
1817,164 ,통닭(치킨)
1818,35 ,호프/통닭
1819,66 ,분식
1820,32 ,호프/통닭
1821,88 ,호프/통닭
1822,61 ,한식
1823,219 ,중국식
1824,454 ,한식
1825,737 ,중국식
1826,15 ,호프/통닭
1827,137 ,식육(숯불구이)
1828,127 ,호프/통닭
1829,67 ,한식
1830,108 ,호프/통닭
1831,38 ,한식
1832,259 ,통닭(치킨)
1833,106 ,식육(숯불구이)
1834,95 ,통닭(치킨)
1835,98 ,회집
1836,33 ,한식
1837,35 ,통닭(치킨)
1838,40 ,기타
1839,145 ,경양식
1840,98 ,한식
1841,80 ,호프/통닭
1842,174 ,한식
1843,41 ,한식
1844,65 ,호프/통닭
1845,75 ,호프/통닭
1846,90 ,분식
1847,35 ,한식
1848,47 ,호프/통닭
1849,262 ,한식
1850,459 ,한식
1851,269 ,한식
1852,35 ,식육(숯불구이)
1853,95 ,식육(숯불구이)
1854,284 ,한식
1855,1032 ,경양식
1856,88 ,식육(숯불구이)
1857,103 ,기타
1858,597 ,호프/통닭
1859,26 ,호프/통닭
1860,255 ,한식
1861,70 ,중국식
1862,98 ,회집
1863,33 ,호프/통닭
1864,85 ,정종/대포집/소주방
1865,63 ,한식
1866,55 ,식육(숯불구이)
1867,40 ,한식
1868,238 ,호프/통닭
1869,47 ,한식
1870,109 ,한식
1871,35 ,통닭(치킨)
1872,295 ,한식
1873,2893 ,뷔페식
1874,44 ,호프/통닭
1875,37 ,한식
1876,155 ,한식
1877,38 ,회집
1878,6 ,분식
1879,10 ,분식
1880,35 ,패스트푸드
1881,19 ,통닭(치킨)
1882,74 ,한식
1883,77 ,한식
1884,79 ,한식
1885,116 ,한식
1886,71 ,식육(숯불구이)
1887,76 ,기타
1888,100 ,기타
1889,164 ,한식
1890,19 ,분식
1891,220 ,식육(숯불구이)
1892,64 ,호프/통닭
1893,40 ,호프/통닭
1894,41 ,한식
1895,39 ,분식
1896,174 ,회집
1897,119 ,호프/통닭
1898,200 ,한식
1899,40 ,한식
1900,160 ,일식
1901,108 ,한식
1902,21 ,호프/통닭
1903,37 ,호프/통닭
1904,141 ,한식
1905,32 ,호프/통닭
1906,51 ,한식
1907,27 ,분식
1908,43 ,한식
1909,42 ,한식
1910,685 ,호프/통닭
1911,200 ,한식
1912,103 ,한식
1913,29 ,분식
1914,18 ,한식
1915,26 ,김밥(도시락)
1916,93 ,회집
1917,106 ,일식
1918,28 ,호프/통닭
1919,32 ,분식
1920,67 ,한식
1921,48 ,까페
1922,32 ,호프/통닭
1923,42 ,호프/통닭
1924,80 ,중국식
1925,291 ,한식
1926,29 ,한식
1927,47 ,식육(숯불구이)
1928,46 ,통닭(치킨)
1929,32 ,식육(숯불구이)
1930,288 ,호프/통닭
1931,36 ,호프/통닭
1932,35 ,식육(숯불구이)
1933,43 ,분식
1934,35 ,패스트푸드
1935,246 ,호프/통닭
1936,278 ,경양식
1937,301 ,호프/통닭
1938,55 ,통닭(치킨)
1939,103 ,식육(숯불구이)
1940,30 ,통닭(치킨)
1941,61 ,일식
1942,40 ,호프/통닭
1943,17 ,분식
1944,34 ,한식
1945,94 ,한식
1946,224 ,한식
1947,51 ,호프/통닭
1948,226 ,호프/통닭
1949,80 ,호프/통닭
1950,170 ,호프/통닭
1951,68 ,회집
1952,60 ,기타
1953,88 ,분식
1954,25 ,분식
1955,111 ,식육(숯불구이)
1956,145 ,한식
1957,40 ,통닭(치킨)
1958,119 ,중국식
1959,46 ,분식
1960,119 ,한식
1961,67 ,회집
1962,46 ,한식
1963,170 ,호프/통닭
1964,79 ,한식
1965,138 ,한식
1966,69 ,호프/통닭
1967,215 ,한식
1968,12 ,통닭(치킨)
1969,126 ,호프/통닭
1970,29 ,분식
1971,42 ,한식
1972,115 ,한식
1973,177 ,식육(숯불구이)
1974,50 ,회집
1975,19 ,분식
1976,136 ,한식
1977,35 ,호프/통닭
1978,157 ,한식
1979,202 ,회집
1980,103 ,호프/통닭
1981,517 ,호프/통닭
1982,118 ,호프/통닭
1983,22 ,통닭(치킨)
1984,70 ,한식
1985,29 ,호프/통닭
1986,116 ,식육(숯불구이)
1987,33 ,분식
1988,60 ,호프/통닭
1989,135 ,식육(숯불구이)
1990,32 ,기타
1991,29 ,호프/통닭
1992,92 ,호프/통닭
1993,77 ,중국식
1994,101 ,중국식
1995,81 ,호프/통닭
1996,24 ,식육(숯불구이)
1997,23 ,정종/대포집/소주방
1998,22 ,분식
1999,120 ,한식
2000,36 ,호프/통닭
2001,35 ,호프/통닭
2002,48 ,한식
2003,53 ,한식
2004,50 ,기타
2005,52 ,통닭(치킨)
2006,98 ,식육(숯불구이)
2007,53 ,호프/통닭
2008,52 ,한식
2009,21 ,기타
2010,58 ,한식
2011,72 ,한식
2012,119 ,한식
2013,34 ,한식
2014,70 ,한식
2015,113 ,한식
2016,16 ,통닭(치킨)
2017,205 ,회집
2018,64 ,호프/통닭
2019,239 ,통닭(치킨)
2020,41 ,한식
2021,22 ,한식
2022,57 ,식육(숯불구이)
2023,106 ,한식
2024,468 ,한식
2025,88 ,한식
2026,22 ,패스트푸드
2027,48 ,분식
2028,50 ,중국식
2029,30 ,한식
2030,87 ,한식
2031,154 ,한식
2032,264 ,일식
2033,35 ,분식
2034,58 ,호프/통닭
2035,118 ,한식
2036,24 ,통닭(치킨)
2037,192 ,한식
2038,234 ,한식
2039,47 ,통닭(치킨)
2040,65 ,호프/통닭
2041,148 ,호프/통닭
2042,169 ,기타
2043,104 ,한식
2044,90 ,한식
2045,42 ,한식
2046,182 ,호프/통닭
2047,50 ,호프/통닭
2048,196 ,호프/통닭
2049,45 ,호프/통닭
2050,60 ,식육(숯불구이)
2051,0 ,식육(숯불구이)
2052,156 ,한식
2053,22 ,호프/통닭
2054,95 ,한식
2055,44 ,한식
2056,142 ,식육(숯불구이)
2057,68 ,중국식
2058,55 ,호프/통닭
2059,344 ,호프/통닭
2060,89 ,식육(숯불구이)
2061,721 ,뷔페식
2062,112 ,한식
2063,187 ,일식
2064,175 ,식육(숯불구이)
2065,138 ,한식
2066,43 ,호프/통닭
2067,39 ,한식
2068,105 ,한식
2069,108 ,한식
2070,28 ,한식
2071,1514 ,회집
2072,19 ,식육(숯불구이)
2073,163 ,한식
2074,102 ,한식
2075,30 ,호프/통닭
2076,183 ,정종/대포집/소주방
2077,100 ,한식
2078,27 ,통닭(치킨)
2079,111 ,기타
2080,51 ,한식
2081,55 ,통닭(치킨)
2082,56 ,호프/통닭
2083,89 ,식육(숯불구이)
2084,29 ,분식
2085,163 ,기타
2086,55 ,호프/통닭
2087,56 ,한식
2088,39 ,통닭(치킨)
2089,122 ,호프/통닭
2090,42 ,호프/통닭
2091,104 ,기타
2092,47 ,한식
2093,1469 ,뷔페식
2094,95 ,식육(숯불구이)
2095,138 ,한식
2096,246 ,식육(숯불구이)
2097,117 ,식육(숯불구이)
2098,33 ,호프/통닭
2099,313 ,한식
2100,38 ,호프/통닭
2101,88 ,중국식
2102,33 ,통닭(치킨)
2103,199 ,호프/통닭
2104,31 ,통닭(치킨)
2105,121 ,일식
2106,65 ,호프/통닭
2107,57 ,일식
2108,60 ,호프/통닭
2109,124 ,한식
2110,59 ,식육(숯불구이)
2111,88 ,정종/대포집/소주방
2112,49 ,한식
2113,130 ,통닭(치킨)
2114,304 ,한식
2115,89 ,호프/통닭
2116,10 ,호프/통닭
2117,31 ,한식
2118,104 ,호프/통닭
2119,87 ,식육(숯불구이)
2120,20 ,한식
2121,106 ,식육(숯불구이)
2122,361 ,중국식
2123,138 ,한식
2124,124 ,한식
2125,98 ,한식
2126,55 ,호프/통닭
2127,54 ,회집
2128,53 ,한식
2129,42 ,분식
2130,120 ,한식
2131,52 ,식육(숯불구이)
2132,31 ,한식
2133,25 ,한식
2134,113 ,식육(숯불구이)
2135,88 ,호프/통닭
2136,68 ,분식
2137,71 ,식육(숯불구이)
2138,41 ,통닭(치킨)
2139,27 ,기타
2140,83 ,한식
2141,17 ,탕류(보신용)
2142,84 ,호프/통닭
2143,119 ,한식
2144,76 ,호프/통닭
2145,59 ,통닭(치킨)
2146,49 ,한식
2147,302 ,한식
2148,61 ,한식
2149,167 ,중국식
2150,36 ,호프/통닭
2151,80 ,호프/통닭
2152,139 ,호프/통닭
2153,35 ,한식
2154,226 ,호프/통닭
2155,45 ,식육(숯불구이)
2156,139 ,호프/통닭
2157,85 ,중국식
2158,47 ,분식
2159,123 ,한식
2160,89 ,호프/통닭
2161,62 ,식육(숯불구이)
2162,104 ,한식
2163,54 ,식육(숯불구이)
2164,168 ,한식
2165,67 ,호프/통닭
2166,25 ,식육(숯불구이)
2167,86 ,중국식
2168,131 ,호프/통닭
2169,186 ,뷔페식
2170,118 ,"외국음식전문점(인도,태국등)"
2171,47 ,한식
2172,35 ,호프/통닭
2173,265 ,중국식
2174,181 ,일식
2175,53 ,식육(숯불구이)
2176,103 ,한식
2177,22 ,한식
2178,211 ,호프/통닭
2179,147 ,한식
2180,79 ,한식
2181,35 ,식육(숯불구이)
2182,154 ,호프/통닭
2183,44 ,호프/통닭
2184,23 ,통닭(치킨)
2185,45 ,한식
2186,159 ,호프/통닭
2187,112 ,호프/통닭
2188,23 ,호프/통닭
2189,147 ,한식
2190,60 ,호프/통닭
2191,117 ,한식
2192,336 ,냉면집
2193,58 ,한식
2194,116 ,한식
2195,63 ,분식
2196,116 ,한식
2197,27 ,기타
2198,69 ,한식
2199,78 ,경양식
2200,33 ,한식
2201,78 ,한식
2202,72 ,식육(숯불구이)
2203,101 ,식육(숯불구이)
2204,139 ,한식
2205,23 ,분식
2206,57 ,호프/통닭
2207,1022 ,뷔페식
2208,57 ,식육(숯불구이)
2209,111 ,라이브카페
2210,41 ,식육(숯불구이)
2211,68 ,호프/통닭
2212,76 ,한식
2213,46 ,식육(숯불구이)
2214,89 ,식육(숯불구이)
2215,121 ,회집
2216,344 ,식육(숯불구이)
2217,131 ,한식
2218,25 ,통닭(치킨)
2219,49 ,분식
2220,303 ,호프/통닭
2221,45 ,한식
2222,139 ,호프/통닭
2223,37 ,호프/통닭
2224,139 ,한식
2225,89 ,한식
2226,33 ,호프/통닭
2227,107 ,중국식
2228,127 ,호프/통닭
2229,119 ,호프/통닭
2230,274 ,일식
2231,22 ,한식
2232,44 ,호프/통닭
2233,101 ,호프/통닭
2234,65 ,분식
2235,91 ,중국식
2236,89 ,호프/통닭
2237,10 ,분식
2238,44 ,통닭(치킨)
2239,266 ,호프/통닭
2240,239 ,한식
2241,27 ,한식
2242,58 ,호프/통닭
2243,106 ,호프/통닭
2244,44 ,호프/통닭
2245,41 ,호프/통닭
2246,46 ,한식
2247,38 ,한식
2248,159 ,기타
2249,99 ,한식
2250,31 ,호프/통닭
2251,30 ,한식
2252,63 ,한식
2253,511 ,한식
2254,186 ,식육(숯불구이)
2255,50 ,호프/통닭
2256,78 ,한식
2257,209 ,한식
2258,110 ,식육(숯불구이)
2259,88 ,한식
2260,84 ,호프/통닭
2261,88 ,한식
2262,53 ,한식
2263,53 ,호프/통닭
2264,68 ,일식
2265,98 ,한식
2266,77 ,통닭(치킨)
2267,30 ,한식
2268,385 ,한식
2269,55 ,경양식
2270,16 ,분식
2271,69 ,한식
2272,90 ,한식
2273,16 ,중국식
2274,78 ,회집
2275,1559 ,뷔페식
2276,72 ,호프/통닭
2277,36 ,일식
2278,94 ,한식
2279,295 ,한식
2280,251 ,경양식
2281,27 ,분식
2282,89 ,일식
2283,58 ,호프/통닭
2284,51 ,한식
2285,66 ,한식
2286,48 ,한식
2287,67 ,한식
2288,198 ,호프/통닭
2289,48 ,한식
2290,67 ,한식
2291,221 ,한식
2292,96 ,호프/통닭
2293,75 ,회집
2294,116 ,호프/통닭
2295,114 ,호프/통닭
2296,33 ,한식
2297,24 ,한식
2298,62 ,식육(숯불구이)
2299,1023 ,뷔페식
2300,527 ,한식
2301,63 ,한식
2302,73 ,호프/통닭
2303,53 ,한식
2304,96 ,한식
2305,63 ,중국식
2306,80 ,호프/통닭
2307,336 ,한식
2308,78 ,식육(숯불구이)
2309,71 ,호프/통닭
2310,42 ,한식
2311,137 ,중국식
2312,95 ,식육(숯불구이)
2313,21 ,한식
2314,81 ,한식
2315,53 ,호프/통닭
2316,92 ,한식
2317,48 ,정종/대포집/소주방
2318,45 ,한식
2319,116 ,한식
2320,51 ,한식
2321,118 ,한식
2322,215 ,한식
2323,70 ,회집
2324,114 ,호프/통닭
2325,31 ,한식
2326,131 ,한식
2327,27 ,호프/통닭
2328,67 ,호프/통닭
2329,90 ,한식
2330,80 ,호프/통닭
2331,88 ,한식
2332,71 ,호프/통닭
2333,159 ,한식
2334,57 ,호프/통닭
2335,22 ,한식
2336,251 ,한식
2337,174 ,한식
2338,102 ,한식
2339,114 ,호프/통닭
2340,58 ,호프/통닭
2341,26 ,통닭(치킨)
2342,105 ,식육(숯불구이)
2343,55 ,식육(숯불구이)
2344,58 ,통닭(치킨)
2345,71 ,한식
2346,402 ,식육(숯불구이)
2347,93 ,한식
2348,83 ,호프/통닭
2349,35 ,한식
2350,97 ,식육(숯불구이)
2351,30 ,한식
2352,69 ,식육(숯불구이)
2353,56 ,호프/통닭
2354,36 ,호프/통닭
2355,630 ,식육(숯불구이)
2356,125 ,한식
2357,83 ,식육(숯불구이)
2358,70 ,한식
2359,81 ,한식
2360,65 ,까페
2361,132 ,식육(숯불구이)
2362,55 ,한식
2363,68 ,까페
2364,73 ,한식
2365,65 ,한식
2366,32 ,호프/통닭
2367,48 ,한식
2368,118 ,중국식
2369,85 ,식육(숯불구이)
2370,100 ,한식
2371,69 ,식육(숯불구이)
2372,376 ,한식
2373,60 ,한식
2374,40 ,한식
2375,431 ,한식
2376,74 ,식육(숯불구이)
2377,99 ,한식
2378,100 ,한식
2379,142 ,한식
2380,208 ,일식
2381,181 ,한식
2382,73 ,한식
2383,82 ,한식
2384,215 ,한식
2385,28 ,분식
2386,20 ,통닭(치킨)
2387,195 ,한식
2388,74 ,분식
2389,112 ,호프/통닭
2390,97 ,한식
2391,103 ,한식
2392,51 ,통닭(치킨)
2393,226 ,한식
2394,164 ,호프/통닭
2395,261 ,경양식
2396,163 ,일식
2397,52 ,식육(숯불구이)
2398,149 ,호프/통닭
2399,31 ,식육(숯불구이)
2400,324 ,식육(숯불구이)
2401,34 ,한식
2402,397 ,한식
2403,118 ,한식
2404,35 ,식육(숯불구이)
2405,119 ,한식
2406,74 ,한식
2407,135 ,한식
2408,28 ,한식
2409,245 ,한식
2410,53 ,한식
2411,20 ,회집
2412,82 ,회집
2413,114 ,한식
2414,91 ,탕류(보신용)
2415,182 ,호프/통닭
2416,93 ,한식
2417,180 ,한식
2418,64 ,호프/통닭
2419,61 ,호프/통닭
2420,171 ,한식
2421,63 ,식육(숯불구이)
2422,39 ,한식
2423,51 ,한식
2424,120 ,호프/통닭
2425,12 ,식육(숯불구이)
2426,324 ,경양식
2427,252 ,식육(숯불구이)
2428,119 ,한식
2429,392 ,경양식
2430,64 ,한식
2431,153 ,호프/통닭
2432,34 ,통닭(치킨)
2433,60 ,통닭(치킨)
2434,120 ,식육(숯불구이)
2435,199 ,식육(숯불구이)
2436,37 ,한식
2437,137 ,한식
2438,60 ,식육(숯불구이)
2439,100 ,식육(숯불구이)
2440,123 ,한식
2441,79 ,한식
2442,434 ,일식
2443,139 ,호프/통닭
2444,52 ,호프/통닭
2445,104 ,식육(숯불구이)
2446,46 ,통닭(치킨)
2447,121 ,한식
2448,57 ,패스트푸드
2449,25 ,호프/통닭
2450,27 ,일식
2451,31 ,호프/통닭
2452,241 ,호프/통닭
2453,176 ,기타
2454,181 ,식육(숯불구이)
2455,43 ,호프/통닭
2456,33 ,한식
2457,139 ,호프/통닭
2458,87 ,한식
2459,74 ,분식
2460,208 ,식육(숯불구이)
2461,100 ,한식
2462,39 ,호프/통닭
2463,24 ,분식
2464,69 ,분식
2465,103 ,한식
2466,28 ,회집
2467,147 ,한식
2468,47 ,호프/통닭
2469,162 ,한식
2470,94 ,한식
2471,52 ,한식
2472,141 ,한식
2473,18 ,패스트푸드
2474,395 ,한식
2475,36 ,식육(숯불구이)
2476,112 ,식육(숯불구이)
2477,21 ,호프/통닭
2478,13 ,패스트푸드
2479,94 ,탕류(보신용)
2480,46 ,탕류(보신용)
2481,35 ,호프/통닭
2482,238 ,일식
2483,187 ,한식
2484,130 ,중국식
2485,0 ,일식
2486,47 ,호프/통닭
2487,36 ,한식
2488,41 ,식육(숯불구이)
2489,306 ,한식
2490,50 ,분식
2491,49 ,통닭(치킨)
2492,52 ,호프/통닭
2493,49 ,정종/대포집/소주방
2494,79 ,통닭(치킨)
2495,25 ,한식
2496,41 ,통닭(치킨)
2497,32 ,호프/통닭
2498,70 ,한식
2499,31 ,패스트푸드
2500,51 ,통닭(치킨)
2501,145 ,한식
2502,72 ,한식
2503,143 ,회집
2504,45 ,식육(숯불구이)
2505,73 ,분식
2506,129 ,식육(숯불구이)
2507,33 ,식육(숯불구이)
2508,30 ,분식
2509,31 ,통닭(치킨)
2510,37 ,분식
2511,60 ,한식
2512,20 ,통닭(치킨)
2513,136 ,식육(숯불구이)
2514,56 ,한식
2515,19 ,분식
2516,121 ,한식
2517,55 ,통닭(치킨)
2518,87 ,분식
2519,53 ,통닭(치킨)
2520,35 ,호프/통닭
2521,24 ,한식
2522,72 ,한식
2523,150 ,한식
2524,42 ,한식
2525,35 ,호프/통닭
2526,12 ,호프/통닭
2527,188 ,한식
2528,192 ,한식
2529,48 ,식육(숯불구이)
2530,50 ,한식
2531,24 ,한식
2532,89 ,회집
2533,78 ,식육(숯불구이)
2534,191 ,호프/통닭
2535,48 ,한식
2536,100 ,중국식
2537,121 ,회집
2538,23 ,분식
2539,42 ,분식
2540,73 ,식육(숯불구이)
2541,34 ,한식
2542,14 ,분식
2543,114 ,호프/통닭
2544,288 ,한식
2545,174 ,한식
2546,42 ,한식
2547,97 ,한식
2548,25 ,한식
2549,540 ,정종/대포집/소주방
2550,2 ,경양식
2551,33 ,한식
2552,80 ,경양식
2553,111 ,탕류(보신용)
2554,70 ,호프/통닭
2555,53 ,호프/통닭
2556,39 ,한식
2557,33 ,통닭(치킨)
2558,44 ,한식
2559,38 ,한식
2560,44 ,한식
2561,93 ,경양식
2562,33 ,통닭(치킨)
2563,290 ,패스트푸드
2564,307 ,한식
2565,60 ,호프/통닭
2566,117 ,한식
2567,70 ,호프/통닭
2568,375 ,경양식
2569,78 ,호프/통닭
2570,34 ,경양식
2571,209 ,일식
2572,62 ,식육(숯불구이)
2573,313 ,호프/통닭
2574,196 ,한식
2575,76 ,한식
2576,39 ,호프/통닭
2577,202 ,중국식
2578,135 ,한식
2579,484 ,한식
2580,153 ,한식
2581,24 ,통닭(치킨)
2582,45 ,한식
2583,90 ,식육(숯불구이)
2584,112 ,한식
2585,51 ,식육(숯불구이)
2586,39 ,호프/통닭
2587,108 ,한식
2588,167 ,식육(숯불구이)
2589,53 ,식육(숯불구이)
2590,95 ,식육(숯불구이)
2591,108 ,호프/통닭
2592,35 ,한식
2593,78 ,한식
2594,145 ,한식
2595,155 ,식육(숯불구이)
2596,22 ,통닭(치킨)
2597,0 ,한식
2598,130 ,한식
2599,183 ,한식
2600,22 ,한식
2601,71 ,한식
2602,41 ,호프/통닭
2603,128 ,한식
2604,32 ,호프/통닭
2605,258 ,한식
2606,0 ,한식
2607,34 ,한식
2608,58 ,중국식
2609,104 ,한식
2610,108 ,한식
2611,26 ,분식
2612,175 ,한식
2613,26 ,식육(숯불구이)
2614,23 ,한식
2615,26 ,식육(숯불구이)
2616,308 ,한식
2617,69 ,한식
2618,134 ,한식
2619,60 ,한식
2620,24 ,식육(숯불구이)
2621,110 ,통닭(치킨)
2622,383 ,한식
2623,59 ,한식
2624,82 ,회집
2625,55 ,식육(숯불구이)
2626,31 ,호프/통닭
2627,377 ,뷔페식
2628,187 ,호프/통닭
2629,106 ,식육(숯불구이)
2630,30 ,통닭(치킨)
2631,25 ,식육(숯불구이)
2632,66 ,호프/통닭
2633,142 ,식육(숯불구이)
2634,66 ,통닭(치킨)
2635,98 ,호프/통닭
2636,17 ,식육(숯불구이)
2637,50 ,호프/통닭
2638,43 ,한식
2639,51 ,호프/통닭
2640,64 ,한식
2641,67 ,한식
2642,31 ,분식
2643,92 ,한식
2644,249 ,식육(숯불구이)
2645,26 ,중국식
2646,73 ,한식
2647,22 ,한식
2648,110 ,식육(숯불구이)
2649,27 ,한식
2650,74 ,한식
2651,45 ,식육(숯불구이)
2652,66 ,한식
2653,41 ,한식
2654,90 ,식육(숯불구이)
2655,50 ,통닭(치킨)
2656,211 ,한식
2657,30 ,통닭(치킨)
2658,19 ,호프/통닭
2659,443 ,한식
2660,128 ,한식
2661,36 ,한식
2662,80 ,호프/통닭
2663,34 ,분식
2664,117 ,호프/통닭
2665,359 ,식육(숯불구이)
2666,147 ,한식
2667,10 ,분식
2668,37 ,중국식
2669,81 ,호프/통닭
2670,28 ,한식
2671,46 ,경양식
2672,44 ,패스트푸드
2673,437 ,정종/대포집/소주방
2674,59 ,탕류(보신용)
2675,157 ,경양식
2676,71 ,한식
2677,45 ,식육(숯불구이)
2678,97 ,한식
2679,564 ,한식
2680,55 ,기타
2681,55 ,한식
2682,145 ,식육(숯불구이)
2683,84 ,호프/통닭
2684,68 ,호프/통닭
2685,79 ,호프/통닭
2686,60 ,호프/통닭
2687,29 ,한식
2688,39 ,호프/통닭
2689,24 ,분식
2690,67 ,한식
2691,133 ,정종/대포집/소주방
2692,54 ,호프/통닭
2693,53 ,한식
2694,41 ,한식
2695,42 ,한식
2696,39 ,한식
2697,24 ,식육(숯불구이)
2698,49 ,식육(숯불구이)
2699,73 ,경양식
2700,152 ,한식
2701,25 ,통닭(치킨)
2702,59 ,한식
2703,122 ,식육(숯불구이)
2704,50 ,경양식
2705,382 ,호프/통닭
2706,29 ,호프/통닭
2707,76 ,한식
2708,91 ,정종/대포집/소주방
2709,60 ,호프/통닭
2710,99 ,한식
2711,60 ,한식
2712,49 ,호프/통닭
2713,39 ,까페
2714,290 ,회집
2715,167 ,호프/통닭
2716,9 ,한식
2717,911 ,한식
2718,271 ,호프/통닭
2719,121 ,한식
2720,230 ,한식
2721,73 ,분식
2722,432 ,한식
2723,98 ,한식
2724,0 ,기타
2725,142 ,분식
2726,23 ,통닭(치킨)
2727,25 ,통닭(치킨)
2728,43 ,식육(숯불구이)
2729,20 ,호프/통닭
2730,98 ,한식
2731,168 ,한식
2732,54 ,한식
2733,185 ,식육(숯불구이)
2734,111 ,식육(숯불구이)
2735,56 ,분식
2736,144 ,한식
2737,39 ,한식
2738,30 ,호프/통닭
2739,144 ,한식
2740,66 ,중국식
2741,135 ,호프/통닭
2742,62 ,한식
2743,22 ,한식
2744,231 ,식육(숯불구이)
2745,48 ,식육(숯불구이)
2746,110 ,한식
2747,151 ,한식
2748,109 ,한식
2749,69 ,한식
2750,35 ,분식
2751,54 ,한식
2752,105 ,기타
2753,106 ,호프/통닭
2754,56 ,한식
2755,122 ,호프/통닭
2756,73 ,한식
2757,37 ,통닭(치킨)
2758,222 ,호프/통닭
2759,123 ,한식
2760,20 ,한식
2761,112 ,한식
2762,395 ,한식
2763,77 ,일식
2764,118 ,한식
2765,30 ,한식
2766,255 ,기타
2767,137 ,식육(숯불구이)
2768,87 ,기타
2769,30 ,한식
2770,27 ,한식
2771,83 ,호프/통닭
2772,64 ,식육(숯불구이)
2773,45 ,중국식
2774,42 ,분식
2775,196 ,한식
2776,256 ,호프/통닭
2777,180 ,한식
2778,443 ,경양식
2779,266 ,회집
2780,146 ,식육(숯불구이)
2781,32 ,한식
2782,24 ,호프/통닭
2783,49 ,식육(숯불구이)
2784,81 ,호프/통닭
2785,99 ,한식
2786,102 ,한식
2787,27 ,한식
2788,150 ,식육(숯불구이)
2789,74 ,한식
2790,89 ,호프/통닭
2791,32 ,호프/통닭
2792,138 ,한식
2793,80 ,호프/통닭
2794,189 ,한식
2795,75 ,식육(숯불구이)
2796,70 ,한식
2797,21 ,한식
2798,104 ,한식
2799,50 ,호프/통닭
2800,586 ,한식
2801,54 ,한식
2802,94 ,호프/통닭
2803,170 ,한식
2804,31 ,한식
2805,97 ,한식
2806,35 ,중국식
2807,13 ,한식
2808,18 ,한식
2809,29 ,까페
2810,69 ,한식
2811,168 ,한식
2812,114 ,분식
2813,28 ,분식
2814,24 ,통닭(치킨)
2815,94 ,한식
2816,130 ,식육(숯불구이)
2817,45 ,까페
2818,53 ,한식
2819,116 ,식육(숯불구이)
2820,64 ,한식
2821,16 ,분식
2822,26 ,분식
2823,119 ,호프/통닭
2824,240 ,호프/통닭
2825,91 ,한식
2826,156 ,식육(숯불구이)
2827,302 ,식육(숯불구이)
2828,112 ,식육(숯불구이)
2829,185 ,호프/통닭
2830,16 ,호프/통닭
2831,59 ,호프/통닭
2832,24 ,한식
2833,22 ,분식
2834,358 ,호프/통닭
2835,28 ,기타
2836,20 ,한식
2837,32 ,경양식
2838,87 ,한식
2839,31 ,한식
2840,15 ,한식
2841,775 ,경양식
2842,551 ,경양식
2843,94 ,한식
2844,111 ,한식
2845,28 ,패스트푸드
2846,320 ,한식
2847,26 ,식육(숯불구이)
2848,22 ,분식
2849,14 ,기타
2850,123 ,호프/통닭
2851,28 ,패스트푸드
2852,92 ,한식
2853,227 ,식육(숯불구이)
2854,56 ,분식
2855,216 ,일식
2856,130 ,식육(숯불구이)
2857,107 ,기타
2858,26 ,통닭(치킨)
2859,45 ,호프/통닭
2860,21 ,한식
2861,549 ,한식
2862,15 ,분식
2863,92 ,김밥(도시락)
2864,28 ,호프/통닭
2865,45 ,통닭(치킨)
2866,74 ,패스트푸드
2867,29 ,한식
2868,70 ,한식
2869,102 ,호프/통닭
2870,24 ,한식
2871,34 ,분식
2872,24 ,한식
2873,14 ,한식
2874,44 ,한식
2875,23 ,식육(숯불구이)
2876,15 ,한식
2877,28 ,패스트푸드
2878,120 ,한식
2879,29 ,식육(숯불구이)
2880,32 ,패스트푸드
2881,21 ,한식
2882,119 ,식육(숯불구이)
2883,26 ,분식
2884,85 ,패스트푸드
2885,19 ,분식
2886,81 ,통닭(치킨)
2887,84 ,호프/통닭
2888,152 ,경양식
2889,43 ,한식
2890,189 ,호프/통닭
2891,181 ,통닭(치킨)
2892,30 ,호프/통닭
2893,55 ,한식
2894,9 ,호프/통닭
2895,19 ,통닭(치킨)
2896,24 ,한식
2897,45 ,한식
2898,27 ,호프/통닭
2899,30 ,분식
2900,55 ,패스트푸드
2901,102 ,호프/통닭
2902,41 ,한식
2903,83 ,호프/통닭
2904,43 ,한식
2905,31 ,한식
2906,197 ,식육(숯불구이)
2907,24 ,한식
2908,13 ,한식
2909,69 ,패스트푸드
2910,115 ,식육(숯불구이)
2911,35 ,통닭(치킨)
2912,31 ,분식
2913,37 ,통닭(치킨)
2914,100 ,한식
2915,105 ,호프/통닭
2916,28 ,호프/통닭
2917,56 ,한식
2918,21 ,한식
2919,22 ,통닭(치킨)
2920,108 ,호프/통닭
2921,45 ,한식
2922,311 ,한식
2923,33 ,호프/통닭
2924,81 ,기타
2925,98 ,호프/통닭
2926,117 ,식육(숯불구이)
2927,326 ,식육(숯불구이)
2928,38 ,통닭(치킨)
2929,42 ,호프/통닭
2930,659 ,뷔페식
2931,16 ,통닭(치킨)
2932,26 ,분식
2933,42 ,식육(숯불구이)
2934,342 ,식육(숯불구이)
2935,56 ,한식
2936,324 ,호프/통닭
2937,76 ,호프/통닭
2938,33 ,탕류(보신용)
2939,77 ,경양식
2940,37 ,한식
2941,371 ,일식
2942,72 ,통닭(치킨)
2943,106 ,식육(숯불구이)
2944,23 ,통닭(치킨)
2945,44 ,한식
2946,39 ,한식
2947,19 ,회집
2948,52 ,식육(숯불구이)
2949,17 ,한식
2950,967 ,한식
2951,132 ,한식
2952,89 ,한식
2953,95 ,한식
2954,29 ,호프/통닭
2955,18 ,한식
2956,101 ,한식
2957,94 ,한식
2958,286 ,한식
2959,135 ,호프/통닭
2960,47 ,통닭(치킨)
2961,34 ,한식
2962,18 ,통닭(치킨)
2963,82 ,정종/대포집/소주방
2964,267 ,일식
2965,65 ,한식
2966,113 ,한식
2967,37 ,통닭(치킨)
2968,37 ,한식
2969,13 ,한식
2970,105 ,식육(숯불구이)
2971,54 ,식육(숯불구이)
2972,104 ,한식
2973,109 ,호프/통닭
2974,45 ,통닭(치킨)
2975,179 ,호프/통닭
2976,54 ,한식
2977,35 ,호프/통닭
2978,87 ,한식
2979,47 ,한식
2980,139 ,한식
2981,128 ,한식
2982,58 ,호프/통닭
2983,34 ,한식
2984,186 ,호프/통닭
2985,55 ,호프/통닭
2986,21 ,식육(숯불구이)
2987,127 ,중국식
2988,34 ,한식
2989,54 ,김밥(도시락)
2990,34 ,일식
2991,33 ,분식
2992,176 ,한식
2993,242 ,식육(숯불구이)
2994,153 ,호프/통닭
2995,359 ,패스트푸드
2996,156 ,식육(숯불구이)
2997,36 ,호프/통닭
2998,62 ,한식
2999,24 ,통닭(치킨)
3000,17 ,통닭(치킨)
3001,136 ,한식
3002,17 ,분식
3003,22 ,통닭(치킨)
3004,41 ,호프/통닭
3005,32 ,분식
3006,110 ,식육(숯불구이)
3007,15 ,한식
3008,390 ,일식
3009,27 ,호프/통닭
3010,311 ,호프/통닭
3011,28 ,한식
3012,16 ,분식
3013,32 ,한식
3014,118 ,한식
3015,126 ,한식
3016,31 ,한식
3017,37 ,한식
3018,18 ,통닭(치킨)
3019,59 ,호프/통닭
3020,111 ,김밥(도시락)
3021,29 ,식육(숯불구이)
3022,77 ,한식
3023,140 ,호프/통닭
3024,47 ,호프/통닭
3025,102 ,호프/통닭
3026,41 ,호프/통닭
3027,136 ,호프/통닭
3028,86 ,기타
3029,37 ,경양식
3030,119 ,호프/통닭
3031,185 ,한식
3032,190 ,식육(숯불구이)
3033,153 ,호프/통닭
3034,61 ,호프/통닭
3035,64 ,일식
3036,89 ,회집
3037,146 ,호프/통닭
3038,30 ,한식
3039,28 ,분식
3040,26 ,식육(숯불구이)
3041,49 ,분식
3042,67 ,한식
3043,244 ,한식
3044,178 ,패스트푸드
3045,246 ,식육(숯불구이)
3046,58 ,호프/통닭
3047,48 ,한식
3048,57 ,까페
3049,50 ,까페
3050,62 ,분식
3051,43 ,정종/대포집/소주방
3052,27 ,한식
3053,77 ,한식
3054,35 ,한식
3055,26 ,분식
3056,21 ,패스트푸드
3057,58 ,호프/통닭
3058,72 ,분식
3059,19 ,정종/대포집/소주방
3060,100 ,까페
3061,35 ,호프/통닭
3062,48 ,한식
3063,27 ,한식
3064,23 ,패스트푸드
3065,71 ,한식
3066,45 ,기타
3067,73 ,통닭(치킨)
3068,85 ,호프/통닭
3069,68 ,한식
3070,20 ,패스트푸드
3071,20 ,까페
3072,71 ,분식
3073,90 ,한식
3074,34 ,회집
3075,91 ,호프/통닭
3076,237 ,한식
3077,34 ,통닭(치킨)
3078,38 ,식육(숯불구이)
3079,9 ,기타
3080,89 ,한식
3081,40 ,호프/통닭
3082,90 ,회집
3083,64 ,통닭(치킨)
3084,218 ,분식
3085,55 ,호프/통닭
3086,65 ,한식
3087,98 ,한식
3088,37 ,한식
3089,37 ,중국식
3090,66 ,한식
3091,25 ,기타
3092,26 ,식육(숯불구이)
3093,22 ,까페
3094,52 ,한식
3095,42 ,식육(숯불구이)
3096,137 ,호프/통닭
3097,25 ,호프/통닭
3098,16 ,패스트푸드
3099,25 ,한식
3100,34 ,분식
3101,70 ,식육(숯불구이)
3102,105 ,한식
3103,54 ,통닭(치킨)
3104,31 ,분식
3105,23 ,호프/통닭
3106,81 ,분식
3107,39 ,분식
3108,31 ,분식
3109,30 ,분식
3110,110 ,한식
3111,81 ,기타
3112,18 ,기타
3113,27 ,한식
3114,23 ,분식
3115,111 ,한식
3116,21 ,한식
3117,45 ,정종/대포집/소주방
3118,73 ,호프/통닭
3119,27 ,한식
3120,91 ,호프/통닭
3121,43 ,한식
3122,90 ,일식
3123,72 ,호프/통닭
3124,31 ,한식
3125,30 ,분식
3126,38 ,통닭(치킨)
3127,15 ,통닭(치킨)
3128,80 ,한식
3129,28 ,분식
3130,23 ,통닭(치킨)
3131,67 ,호프/통닭
3132,15 ,통닭(치킨)
3133,134 ,한식
3134,80 ,한식
3135,36 ,통닭(치킨)
3136,35 ,분식
3137,50 ,호프/통닭
3138,74 ,통닭(치킨)
3139,47 ,분식
3140,179 ,한식
3141,29 ,분식
3142,190 ,한식
3143,33 ,분식
3144,44 ,호프/통닭
3145,45 ,한식
3146,85 ,식육(숯불구이)
3147,17 ,식육(숯불구이)
3148,35 ,식육(숯불구이)
3149,20 ,식육(숯불구이)
3150,21 ,식육(숯불구이)
3151,25 ,식육(숯불구이)
3152,28 ,식육(숯불구이)
3153,11 ,식육(숯불구이)
3154,39 ,한식
3155,36 ,한식
3156,16 ,분식
3157,80 ,식육(숯불구이)
3158,40 ,한식
3159,98 ,까페
3160,33 ,한식
3161,161 ,분식
3162,31 ,한식
3163,43 ,한식
3164,322 ,까페
3165,31 ,호프/통닭
3166,51 ,식육(숯불구이)
3167,160 ,한식
3168,102 ,기타
3169,20 ,식육(숯불구이)
3170,201 ,한식
3171,60 ,한식
3172,143 ,식육(숯불구이)
3173,277 ,탕류(보신용)
3174,145 ,호프/통닭
3175,23 ,기타
3176,38 ,정종/대포집/소주방
3177,23 ,통닭(치킨)
3178,41 ,호프/통닭
3179,64 ,한식
3180,25 ,식육(숯불구이)
3181,168 ,경양식
3182,11 ,분식
3183,24 ,통닭(치킨)
3184,62 ,분식
3185,64 ,식육(숯불구이)
3186,36 ,한식
3187,48 ,분식
3188,83 ,기타
3189,54 ,중국식
3190,70 ,한식
3191,88 ,호프/통닭
3192,234 ,호프/통닭
3193,66 ,한식
3194,62 ,경양식
3195,46 ,한식
3196,19 ,분식
3197,94 ,호프/통닭
3198,45 ,한식
3199,34 ,분식
3200,32 ,한식
3201,196 ,호프/통닭
3202,35 ,한식
3203,51 ,기타
3204,160 ,한식
3205,21 ,기타
3206,22 ,한식
3207,84 ,까페
3208,82 ,한식
3209,32 ,한식
3210,117 ,기타
3211,51 ,호프/통닭
3212,42 ,통닭(치킨)
3213,144 ,기타
3214,48 ,분식
3215,317 ,식육(숯불구이)
3216,37 ,호프/통닭
3217,142 ,한식
3218,31 ,통닭(치킨)
3219,44 ,통닭(치킨)
3220,53 ,호프/통닭
3221,97 ,한식
3222,36 ,통닭(치킨)
3223,130 ,식육(숯불구이)
3224,33 ,기타
3225,21 ,기타
3226,37 ,호프/통닭
3227,186 ,식육(숯불구이)
3228,58 ,한식
3229,21 ,호프/통닭
3230,62 ,한식
3231,140 ,한식
3232,244 ,식육(숯불구이)
3233,180 ,한식
3234,128 ,한식
3235,44 ,한식
3236,126 ,한식
3237,108 ,정종/대포집/소주방
3238,47 ,분식
3239,48 ,한식
3240,152 ,한식
3241,53 ,분식
3242,175 ,회집
3243,185 ,중국식
3244,24 ,중국식
3245,35 ,분식
3246,88 ,한식
3247,40 ,한식
3248,97 ,한식
3249,83 ,한식
3250,41 ,기타
3251,261 ,한식
3252,364 ,한식
3253,32 ,한식
3254,166 ,중국식
3255,109 ,기타
3256,165 ,기타
3257,298 ,한식
3258,94 ,한식
3259,84 ,호프/통닭
3260,23 ,중국식
3261,38 ,분식
3262,24 ,기타
3263,199 ,일식
3264,37 ,한식
3265,48 ,한식
3266,27 ,한식
3267,32 ,분식
3268,23 ,한식
3269,84 ,통닭(치킨)
3270,342 ,한식
3271,146 ,한식
3272,226 ,한식
3273,264 ,한식
3274,30 ,기타
3275,108 ,식육(숯불구이)
3276,39 ,식육(숯불구이)
3277,37 ,분식
3278,17 ,통닭(치킨)
3279,41 ,통닭(치킨)
3280,465 ,한식
3281,111 ,한식
3282,124 ,기타
3283,65 ,통닭(치킨)
3284,30 ,한식
3285,109 ,정종/대포집/소주방
3286,45 ,기타
3287,62 ,분식
3288,274 ,한식
3289,377 ,탕류(보신용)
3290,32 ,한식
3291,101 ,중국식
3292,38 ,분식
3293,280 ,기타
3294,25 ,기타
3295,47 ,호프/통닭
3296,38 ,분식
3297,80 ,한식
3298,32 ,경양식
3299,48 ,한식
3300,127 ,정종/대포집/소주방
3301,258 ,한식
3302,261 ,한식
3303,31 ,한식
3304,47 ,분식
3305,48 ,호프/통닭
3306,54 ,까페
3307,57 ,호프/통닭
3308,79 ,한식
3309,11 ,분식
3310,63 ,식육(숯불구이)
3311,87 ,호프/통닭
3312,226 ,한식
3313,28 ,기타
3314,16 ,분식
3315,49 ,기타
3316,93 ,식육(숯불구이)
3317,81 ,호프/통닭
3318,155 ,호프/통닭
3319,54 ,한식
3320,41 ,정종/대포집/소주방
3321,112 ,까페
3322,130 ,식육(숯불구이)
3323,18 ,호프/통닭
3324,113 ,식육(숯불구이)
3325,31 ,통닭(치킨)
3326,140 ,식육(숯불구이)
3327,5 ,분식
3328,163 ,식육(숯불구이)
3329,349 ,한식
3330,253 ,기타
3331,55 ,분식
3332,25 ,분식
3333,47 ,통닭(치킨)
3334,115 ,호프/통닭
3335,251 ,한식
3336,0 ,한식
3337,68 ,분식
3338,27 ,한식
3339,114 ,호프/통닭
3340,67 ,호프/통닭
3341,55 ,분식
3342,84 ,한식
3343,78 ,한식
3344,53 ,한식
3345,0 ,한식
3346,38 ,중국식
3347,51 ,한식
3348,44 ,통닭(치킨)
3349,62 ,중국식
3350,48 ,까페
3351,30 ,호프/통닭
3352,271 ,호프/통닭
3353,91 ,한식
3354,64 ,한식
3355,54 ,정종/대포집/소주방
3356,24 ,식육(숯불구이)
3357,24 ,분식
3358,57 ,한식
3359,41 ,패스트푸드
3360,380 ,한식
3361,18 ,호프/통닭
3362,28 ,통닭(치킨)
3363,36 ,분식
3364,50 ,호프/통닭
3365,16 ,호프/통닭
3366,17 ,분식
3367,91 ,한식
3368,190 ,일식
3369,289 ,호프/통닭
3370,29 ,호프/통닭
3371,314 ,식육(숯불구이)
3372,31 ,한식
3373,52 ,회집
3374,89 ,한식
3375,95 ,중국식
3376,195 ,한식
3377,57 ,통닭(치킨)
3378,50 ,한식
3379,36 ,분식
3380,113 ,한식
3381,343 ,한식
3382,47 ,호프/통닭
3383,189 ,한식
3384,200 ,한식
3385,100 ,한식
3386,61 ,호프/통닭
3387,391 ,한식
3388,169 ,기타
3389,38 ,한식
3390,35 ,탕류(보신용)
3391,65 ,까페
3392,19 ,한식
3393,82 ,통닭(치킨)
3394,45 ,호프/통닭
3395,108 ,호프/통닭
3396,221 ,호프/통닭
3397,67 ,호프/통닭
3398,93 ,호프/통닭
3399,48 ,분식
3400,21 ,호프/통닭
3401,89 ,호프/통닭
3402,22 ,호프/통닭
3403,60 ,한식
3404,17 ,분식
3405,65 ,한식
3406,48 ,호프/통닭
3407,28 ,한식
3408,32 ,통닭(치킨)
3409,100 ,식육(숯불구이)
3410,46 ,식육(숯불구이)
3411,46 ,한식
3412,40 ,분식
3413,22 ,한식
3414,91 ,정종/대포집/소주방
3415,123 ,한식
3416,27 ,호프/통닭
3417,75 ,기타
3418,89 ,한식
3419,24 ,호프/통닭
3420,150 ,한식
3421,24 ,한식
3422,99 ,한식
3423,54 ,한식
3424,78 ,호프/통닭
3425,48 ,분식
3426,149 ,한식
3427,84 ,한식
3428,41 ,한식
3429,18 ,한식
3430,223 ,한식
3431,58 ,한식
3432,75 ,한식
3433,55 ,호프/통닭
3434,26 ,한식
3435,56 ,정종/대포집/소주방
3436,37 ,호프/통닭
3437,21 ,분식
3438,55 ,분식
3439,98 ,한식
3440,60 ,까페
3441,232 ,한식
3442,25 ,식육(숯불구이)
3443,17 ,식육(숯불구이)
3444,43 ,한식
3445,30 ,분식
3446,285 ,호프/통닭
3447,466 ,한식
3448,239 ,까페
3449,290 ,한식
3450,82 ,분식
3451,44 ,분식
3452,67 ,호프/통닭
3453,16 ,분식
3454,71 ,한식
3455,56 ,분식
3456,121 ,호프/통닭
3457,1366 ,뷔페식
3458,69 ,호프/통닭
3459,59 ,식육(숯불구이)
3460,32 ,한식
3461,42 ,회집
3462,50 ,한식
3463,76 ,까페
3464,790 ,한식
3465,144 ,중국식
3466,314 ,호프/통닭
3467,146 ,통닭(치킨)
3468,258 ,한식
3469,38 ,패스트푸드
3470,129 ,한식
3471,42 ,호프/통닭
3472,258 ,한식
3473,50 ,한식
3474,15 ,한식
3475,11 ,패스트푸드
3476,177 ,한식
3477,20 ,통닭(치킨)
3478,93 ,한식
3479,100 ,호프/통닭
3480,67 ,호프/통닭
3481,248 ,한식
3482,100 ,통닭(치킨)
3483,42 ,한식
3484,66 ,호프/통닭
3485,82 ,회집
3486,1010 ,식육(숯불구이)
3487,50 ,한식
3488,49 ,한식
3489,50 ,한식
3490,142 ,호프/통닭
3491,117 ,한식
3492,86 ,한식
3493,79 ,한식
3494,235 ,한식
3495,16 ,호프/통닭
3496,60 ,호프/통닭
3497,55 ,한식
3498,38 ,일식
3499,55 ,한식
3500,97 ,분식
3501,23 ,통닭(치킨)
3502,28 ,호프/통닭
3503,39 ,분식
3504,97 ,한식
3505,57 ,한식
3506,144 ,한식
3507,49 ,분식
3508,57 ,중국식
3509,161 ,한식
3510,42 ,한식
3511,52 ,한식
3512,71 ,한식
3513,35 ,한식
3514,432 ,중국식
3515,23 ,한식
3516,114 ,한식
3517,178 ,한식
3518,103 ,호프/통닭
3519,31 ,통닭(치킨)
3520,83 ,한식
3521,335 ,호프/통닭
3522,187 ,한식
3523,68 ,식육(숯불구이)
3524,41 ,호프/통닭
3525,24 ,통닭(치킨)
3526,72 ,한식
3527,68 ,한식
3528,40 ,한식
3529,37 ,한식
3530,422 ,기타
3531,332 ,식육(숯불구이)
3532,101 ,식육(숯불구이)
3533,22 ,한식
3534,110 ,호프/통닭
3535,83 ,경양식
3536,65 ,한식
3537,44 ,분식
3538,89 ,한식
3539,48 ,일식
3540,140 ,한식
3541,145 ,한식
3542,47 ,기타
3543,30 ,통닭(치킨)
3544,42 ,호프/통닭
3545,127 ,호프/통닭
3546,49 ,한식
3547,50 ,통닭(치킨)
3548,178 ,한식
3549,149 ,기타
3550,52 ,정종/대포집/소주방
3551,56 ,분식
3552,59 ,한식
3553,44 ,한식
3554,29 ,한식
3555,27 ,분식
3556,44 ,분식
3557,51 ,한식
3558,131 ,식육(숯불구이)
3559,34 ,분식
3560,63 ,분식
3561,59 ,통닭(치킨)
3562,82 ,통닭(치킨)
3563,28 ,통닭(치킨)
3564,14 ,한식
3565,137 ,까페
3566,49 ,한식
3567,92 ,한식
3568,447 ,뷔페식
3569,48 ,한식
3570,68 ,한식
3571,89 ,통닭(치킨)
3572,85 ,한식
3573,68 ,일식
3574,87 ,통닭(치킨)
3575,161 ,호프/통닭
3576,66 ,분식
3577,42 ,까페
3578,44 ,한식
3579,60 ,까페
3580,24 ,까페
3581,44 ,기타
3582,45 ,까페
3583,29 ,분식
3584,24 ,한식
3585,139 ,한식
3586,190 ,호프/통닭
3587,120 ,까페
3588,134 ,호프/통닭
3589,160 ,한식
3590,52 ,호프/통닭
3591,67 ,통닭(치킨)
3592,43 ,한식
3593,136 ,한식
3594,82 ,통닭(치킨)
3595,46 ,김밥(도시락)
3596,83 ,한식
3597,139 ,경양식
3598,104 ,한식
3599,71 ,한식
3600,185 ,한식
3601,118 ,한식
3602,20 ,김밥(도시락)
3603,323 ,패스트푸드
3604,48 ,한식
3605,39 ,분식
3606,145 ,호프/통닭
3607,114 ,한식
3608,137 ,까페
3609,40 ,한식
3610,56 ,한식
3611,170 ,한식
3612,29 ,식육(숯불구이)
3613,149 ,한식
3614,34 ,분식
3615,111 ,호프/통닭
3616,94 ,중국식
3617,59 ,김밥(도시락)
3618,42 ,식육(숯불구이)
3619,308 ,호프/통닭
3620,140 ,일식
3621,140 ,호프/통닭
3622,106 ,한식
3623,33 ,통닭(치킨)
3624,97 ,한식
3625,25 ,식육(숯불구이)
3626,91 ,한식
3627,30 ,통닭(치킨)
3628,39 ,식육(숯불구이)
3629,221 ,식육(숯불구이)
3630,134 ,한식
3631,81 ,한식
3632,25 ,한식
3633,71 ,호프/통닭
3634,227 ,호프/통닭
3635,43 ,한식
3636,57 ,호프/통닭
3637,342 ,식육(숯불구이)
3638,25 ,호프/통닭
3639,26 ,한식
3640,115 ,경양식
3641,229 ,한식
3642,121 ,분식
3643,21 ,일식
3644,13 ,한식
3645,226 ,호프/통닭
3646,220 ,통닭(치킨)
3647,35 ,호프/통닭
3648,121 ,한식
3649,133 ,한식
3650,83 ,통닭(치킨)
3651,5995 ,뷔페식
3652,97 ,한식
3653,87 ,한식
3654,122 ,한식
3655,249 ,한식
3656,227 ,뷔페식
3657,117 ,중국식
3658,156 ,중국식
3659,48 ,경양식
3660,74 ,호프/통닭
3661,45 ,한식
3662,41 ,한식
3663,31 ,패스트푸드
3664,153 ,호프/통닭
3665,98 ,한식
3666,122 ,식육(숯불구이)
3667,143 ,"외국음식전문점(인도,태국등)"
3668,494 ,한식
3669,58 ,호프/통닭
3670,119 ,한식
3671,126 ,호프/통닭
3672,140 ,경양식
3673,80 ,회집
3674,171 ,기타
3675,87 ,한식
3676,414 ,식육(숯불구이)
3677,50 ,한식
3678,74 ,한식
3679,31 ,호프/통닭
3680,76 ,한식
3681,110 ,까페
3682,199 ,한식
3683,105 ,한식
3684,64 ,한식
3685,53 ,한식
3686,110 ,한식
3687,12 ,한식
3688,47 ,호프/통닭
3689,67 ,한식
3690,56 ,통닭(치킨)
3691,128 ,한식
3692,15 ,기타
3693,276 ,한식
3694,26 ,분식
3695,87 ,호프/통닭
3696,87 ,한식
3697,31 ,한식
3698,27 ,통닭(치킨)
3699,30 ,한식
3700,22 ,한식
3701,78 ,한식
3702,158 ,까페
3703,39 ,한식
3704,19 ,한식
3705,130 ,까페
3706,97 ,호프/통닭
3707,205 ,한식
3708,82 ,호프/통닭
3709,152 ,한식
3710,75 ,중국식
3711,53 ,김밥(도시락)
3712,112 ,호프/통닭
3713,126 ,까페
3714,568 ,한식
3715,162 ,한식
3716,27 ,까페
3717,39 ,통닭(치킨)
3718,133 ,한식
3719,144 ,중국식
3720,45 ,한식
3721,284 ,한식
3722,447 ,한식
3723,335 ,호프/통닭
3724,177 ,식육(숯불구이)
3725,55 ,식육(숯불구이)
3726,95 ,까페
3727,39 ,한식
3728,27 ,한식
3729,283 ,한식
3730,76 ,한식
3731,600 ,한식
3732,53 ,한식
3733,61 ,한식
3734,40 ,한식
3735,40 ,한식
3736,37 ,까페
3737,19 ,분식
3738,560 ,한식
3739,21 ,분식
3740,11 ,분식
3741,30 ,분식
3742,18 ,분식
3743,36 ,김밥(도시락)
3744,38 ,분식
3745,19 ,호프/통닭
3746,84 ,한식
3747,30 ,경양식
3748,157 ,한식
3749,42 ,회집
3750,54 ,한식
3751,14 ,한식
3752,40 ,패스트푸드
3753,50 ,김밥(도시락)
3754,55 ,일식
3755,36 ,김밥(도시락)
3756,38 ,호프/통닭
3757,151 ,한식
3758,53 ,한식
3759,24 ,분식
3760,21 ,호프/통닭
3761,34 ,한식
3762,49 ,호프/통닭
3763,34 ,호프/통닭
3764,114 ,식육(숯불구이)
3765,70 ,한식
3766,26 ,한식
3767,157 ,한식
3768,309 ,정종/대포집/소주방
3769,31 ,한식
3770,40 ,한식
3771,80 ,한식
3772,94 ,일식
3773,39 ,한식
3774,183 ,한식
3775,60 ,통닭(치킨)
3776,45 ,통닭(치킨)
3777,259 ,통닭(치킨)
3778,83 ,식육(숯불구이)
3779,166 ,한식
3780,55 ,한식
3781,35 ,호프/통닭
3782,1257 ,뷔페식
3783,495 ,경양식
3784,40 ,통닭(치킨)
3785,33 ,한식
3786,180 ,한식
3787,256 ,한식
3788,150 ,식육(숯불구이)
3789,146 ,한식
3790,45 ,한식
3791,110 ,호프/통닭
3792,59 ,한식
3793,65 ,통닭(치킨)
3794,47 ,통닭(치킨)
3795,40 ,까페
3796,60 ,까페
3797,115 ,패스트푸드
3798,42 ,까페
3799,62 ,한식
3800,29 ,분식
3801,42 ,한식
3802,47 ,호프/통닭
3803,96 ,통닭(치킨)
3804,85 ,패스트푸드
3805,295 ,한식
3806,61 ,한식
3807,57 ,한식
3808,67 ,경양식
3809,602 ,한식
3810,32 ,까페
3811,29 ,분식
3812,47 ,호프/통닭
3813,11 ,한식
3814,35 ,한식
3815,42 ,까페
3816,31 ,한식
3817,49 ,한식
3818,56 ,한식
3819,28 ,한식
3820,101 ,한식
3821,64 ,한식
3822,166 ,경양식
3823,39 ,통닭(치킨)
3824,87 ,일식
3825,94 ,경양식
3826,34 ,분식
3827,28 ,한식
3828,88 ,중국식
3829,202 ,한식
3830,24 ,호프/통닭
3831,85 ,경양식
3832,84 ,한식
3833,167 ,한식
3834,68 ,한식
3835,34 ,분식
3836,48 ,한식
3837,39 ,분식
3838,44 ,호프/통닭
3839,46 ,정종/대포집/소주방
3840,78 ,까페
3841,339 ,뷔페식
3842,91 ,식육(숯불구이)
3843,336 ,한식
3844,39 ,통닭(치킨)
3845,160 ,분식
3846,445 ,한식
3847,60 ,까페
3848,33 ,까페
3849,221 ,까페
3850,128 ,분식
3851,31 ,통닭(치킨)
3852,1197 ,일식
3853,48 ,분식
3854,70 ,호프/통닭
3855,38 ,한식
3856,56 ,회집
3857,65 ,한식
3858,44 ,한식
3859,466 ,복어취급
3860,24 ,한식
3861,128 ,기타
3862,64 ,패스트푸드
3863,173 ,통닭(치킨)
3864,26 ,호프/통닭
3865,62 ,분식
3866,368 ,경양식
3867,94 ,경양식
3868,30 ,식육(숯불구이)
3869,41 ,통닭(치킨)
3870,128 ,정종/대포집/소주방
3871,61 ,패스트푸드
3872,171 ,한식
3873,348 ,회집
3874,173 ,호프/통닭
3875,188 ,까페
3876,64 ,한식
3877,17 ,한식
3878,43 ,식육(숯불구이)
3879,193 ,한식
3880,26 ,통닭(치킨)
3881,179 ,한식
3882,133 ,까페
3883,140 ,까페
3884,98 ,식육(숯불구이)
3885,121 ,식육(숯불구이)
3886,213 ,호프/통닭
3887,57 ,까페
3888,115 ,출장조리
3889,56 ,한식
3890,55 ,까페
3891,175 ,호프/통닭
3892,45 ,한식
3893,75 ,한식
3894,33 ,식육(숯불구이)
3895,33 ,통닭(치킨)
3896,30 ,한식
3897,34 ,패스트푸드
3898,66 ,호프/통닭
3899,15 ,분식
3900,29 ,호프/통닭
3901,96 ,패스트푸드
3902,29 ,까페
3903,88 ,호프/통닭
3904,193 ,호프/통닭
3905,27 ,호프/통닭
3906,46 ,일식
3907,102 ,한식
3908,59 ,한식
3909,160 ,호프/통닭
3910,19 ,통닭(치킨)
3911,81 ,호프/통닭
3912,41 ,까페
3913,59 ,까페
3914,307 ,한식
3915,219 ,한식
3916,62 ,식육(숯불구이)
3917,44 ,호프/통닭
3918,73 ,식육(숯불구이)
3919,12 ,한식
3920,22 ,통닭(치킨)
3921,77 ,까페
3922,108 ,식육(숯불구이)
3923,262 ,식육(숯불구이)
3924,46 ,호프/통닭
3925,57 ,한식
3926,140 ,회집
3927,78 ,식육(숯불구이)
3928,71 ,한식
3929,102 ,회집
3930,24 ,한식
3931,198 ,한식
3932,214 ,한식
3933,65 ,한식
3934,183 ,한식
3935,44 ,한식
3936,164 ,한식
3937,65 ,패스트푸드
3938,74 ,한식
3939,127 ,한식
3940,67 ,호프/통닭
3941,14 ,한식
3942,284 ,경양식
3943,94 ,한식
3944,380 ,경양식
3945,35 ,김밥(도시락)
3946,103 ,일식
3947,58 ,분식
3948,101 ,호프/통닭
3949,38 ,김밥(도시락)
3950,31 ,김밥(도시락)
3951,62 ,호프/통닭
3952,37 ,분식
3953,43 ,호프/통닭
3954,151 ,한식
3955,514 ,분식
3956,33 ,호프/통닭
3957,57 ,까페
3958,28 ,통닭(치킨)
3959,59 ,까페
3960,59 ,까페
3961,89 ,호프/통닭
3962,61 ,중국식
3963,123 ,중국식
3964,113 ,통닭(치킨)
3965,83 ,한식
3966,125 ,까페
3967,329 ,한식
3968,25 ,한식
3969,8 ,기타
3970,110 ,식육(숯불구이)
3971,155 ,한식
3972,64 ,식육(숯불구이)
3973,236 ,한식
3974,148 ,까페
3975,23 ,호프/통닭
3976,22 ,호프/통닭
3977,53 ,호프/통닭
3978,31 ,통닭(치킨)
3979,97 ,한식
3980,119 ,한식
3981,55 ,까페
3982,81 ,식육(숯불구이)
3983,23 ,호프/통닭
3984,25 ,분식
3985,121 ,기타
3986,163 ,한식
3987,33 ,한식
3988,68 ,한식
3989,94 ,까페
3990,27 ,통닭(치킨)
3991,126 ,한식
3992,0 ,한식
3993,194 ,경양식
3994,49 ,패스트푸드
3995,298 ,식육(숯불구이)
3996,25 ,김밥(도시락)
3997,144 ,한식
3998,119 ,식육(숯불구이)
3999,75 ,경양식
4000,20 ,분식
4001,43 ,일식
4002,73 ,한식
4003,286 ,호프/통닭
4004,121 ,한식
4005,158 ,식육(숯불구이)
4006,0 ,한식
4007,61 ,호프/통닭
4008,0 ,한식
4009,55 ,한식
4010,136 ,경양식
4011,191 ,호프/통닭
4012,182 ,호프/통닭
4013,20 ,통닭(치킨)
4014,45 ,분식
4015,19 ,호프/통닭
4016,49 ,한식
4017,258 ,경양식
4018,83 ,분식
4019,133 ,한식
4020,16 ,분식
4021,50 ,까페
4022,46 ,한식
4023,8 ,분식
4024,14 ,분식
4025,86 ,호프/통닭
4026,44 ,정종/대포집/소주방
4027,244 ,한식
4028,33 ,정종/대포집/소주방
4029,144 ,호프/통닭
4030,43 ,패스트푸드
4031,88 ,한식
4032,64 ,호프/통닭
4033,325 ,식육(숯불구이)
4034,53 ,기타
4035,74 ,한식
4036,81 ,까페
4037,45 ,까페
4038,155 ,까페
4039,20 ,식육(숯불구이)
4040,52 ,식육(숯불구이)
4041,28 ,회집
4042,38 ,식육(숯불구이)
4043,61 ,식육(숯불구이)
4044,16 ,까페
4045,32 ,한식
4046,166 ,식육(숯불구이)
4047,63 ,호프/통닭
4048,58 ,한식
4049,94 ,식육(숯불구이)
4050,71 ,한식
4051,52 ,한식
4052,45 ,한식
4053,181 ,식육(숯불구이)
4054,23 ,한식
4055,50 ,까페
4056,22 ,한식
4057,300 ,까페
4058,85 ,까페
4059,60 ,회집
4060,26 ,호프/통닭
4061,85 ,호프/통닭
4062,91 ,한식
4063,40 ,호프/통닭
4064,113 ,기타
4065,36 ,패스트푸드
4066,52 ,분식
4067,55 ,분식
4068,52 ,통닭(치킨)
4069,98 ,일식
4070,133 ,식육(숯불구이)
4071,56 ,식육(숯불구이)
4072,18 ,호프/통닭
4073,41 ,분식
4074,99 ,식육(숯불구이)
4075,71 ,패스트푸드
4076,72 ,경양식
4077,61 ,까페
4078,27 ,식육(숯불구이)
4079,27 ,식육(숯불구이)
4080,20 ,식육(숯불구이)
4081,27 ,식육(숯불구이)
4082,55 ,식육(숯불구이)
4083,27 ,식육(숯불구이)
4084,95 ,통닭(치킨)
4085,27 ,한식
4086,204 ,중국식
4087,33 ,분식
4088,70 ,식육(숯불구이)
4089,94 ,까페
4090,100 ,경양식
4091,38 ,식육(숯불구이)
4092,51 ,한식
4093,125 ,식육(숯불구이)
4094,38 ,분식
4095,80 ,호프/통닭
4096,50 ,호프/통닭
4097,39 ,분식
4098,69 ,까페
4099,18 ,분식
4100,71 ,일식
4101,57 ,한식
4102,112 ,한식
4103,531 ,한식
4104,45 ,한식
4105,326 ,한식
4106,135 ,패스트푸드
4107,37 ,호프/통닭
4108,34 ,분식
4109,112 ,기타
4110,45 ,한식
4111,10 ,한식
4112,105 ,뷔페식
4113,134 ,호프/통닭
4114,70 ,통닭(치킨)
4115,161 ,식육(숯불구이)
4116,58 ,호프/통닭
4117,80 ,까페
4118,23 ,호프/통닭
4119,42 ,까페
4120,267 ,식육(숯불구이)
4121,185 ,뷔페식
4122,60 ,호프/통닭
4123,37 ,까페
4124,16 ,식육(숯불구이)
4125,175 ,김밥(도시락)
4126,24 ,한식
4127,23 ,한식
4128,99 ,한식
4129,34 ,호프/통닭
4130,65 ,한식
4131,281 ,식육(숯불구이)
4132,45 ,김밥(도시락)
4133,123 ,경양식
4134,46 ,통닭(치킨)
4135,40 ,호프/통닭
4136,74 ,식육(숯불구이)
4137,21 ,분식
4138,102 ,통닭(치킨)
4139,66 ,식육(숯불구이)
4140,191 ,식육(숯불구이)
4141,74 ,까페
4142,32 ,통닭(치킨)
4143,129 ,한식
4144,57 ,호프/통닭
4145,71 ,한식
4146,145 ,호프/통닭
4147,72 ,호프/통닭
4148,13 ,한식
4149,106 ,중국식
4150,27 ,김밥(도시락)
4151,96 ,호프/통닭
4152,97 ,호프/통닭
4153,35 ,통닭(치킨)
4154,34 ,호프/통닭
4155,105 ,분식
4156,160 ,한식
4157,165 ,한식
4158,55 ,분식
4159,30 ,분식
4160,46 ,한식
4161,71 ,까페
4162,104 ,한식
4163,38 ,김밥(도시락)
4164,166 ,호프/통닭
4165,206 ,한식
4166,19 ,통닭(치킨)
4167,59 ,한식
4168,46 ,식육(숯불구이)
4169,33 ,한식
4170,20 ,호프/통닭
4171,468 ,한식
4172,38 ,패스트푸드
4173,42 ,회집
4174,6 ,호프/통닭
4175,24 ,패스트푸드
4176,39 ,호프/통닭
4177,127 ,한식
4178,25 ,통닭(치킨)
4179,422 ,식육(숯불구이)
4180,59 ,까페
4181,72 ,식육(숯불구이)
4182,23 ,한식
4183,52 ,까페
4184,35 ,호프/통닭
4185,127 ,한식
4186,65 ,한식
4187,212 ,식육(숯불구이)
4188,283 ,기타
4189,47 ,분식
4190,77 ,통닭(치킨)
4191,95 ,경양식
4192,18 ,한식
4193,132 ,한식
4194,113 ,분식
4195,45 ,통닭(치킨)
4196,123 ,패스트푸드
4197,40 ,기타
4198,59 ,한식
4199,30 ,식육(숯불구이)
4200,259 ,까페
4201,39 ,분식
4202,116 ,중국식
4203,22 ,한식
4204,41 ,분식
4205,18 ,중국식
4206,683 ,한식
4207,13 ,분식
4208,105 ,한식
4209,50 ,호프/통닭
4210,52 ,경양식
4211,36 ,호프/통닭
4212,174 ,식육(숯불구이)
4213,24 ,한식
4214,36 ,호프/통닭
4215,102 ,기타
4216,40 ,호프/통닭
4217,18 ,호프/통닭
4218,44 ,호프/통닭
4219,52 ,식육(숯불구이)
4220,242 ,호프/통닭
4221,36 ,한식
4222,435 ,회집
4223,31 ,식육(숯불구이)
4224,30 ,식육(숯불구이)
4225,79 ,한식
4226,57 ,호프/통닭
4227,36 ,호프/통닭
4228,58 ,한식
4229,76 ,식육(숯불구이)
4230,129 ,한식
4231,214 ,한식
4232,62 ,분식
4233,188 ,일식
4234,24 ,분식
4235,338 ,경양식
4236,75 ,중국식
4237,19 ,통닭(치킨)
4238,80 ,통닭(치킨)
4239,224 ,한식
4240,56 ,식육(숯불구이)
4241,100 ,까페
4242,93 ,한식
4243,77 ,호프/통닭
4244,93 ,호프/통닭
4245,359 ,호프/통닭
4246,131 ,라이브카페
4247,263 ,한식
4248,214 ,식육(숯불구이)
4249,17 ,호프/통닭
4250,89 ,한식
4251,89 ,경양식
4252,106 ,중국식
4253,50 ,한식
4254,24 ,한식
4255,39 ,한식
4256,39 ,한식
4257,186 ,한식
4258,157 ,한식
4259,498 ,호프/통닭
4260,60 ,패스트푸드
4261,35 ,분식
4262,42 ,호프/통닭
4263,20 ,패스트푸드
4264,29 ,한식
4265,109 ,한식
4266,52 ,통닭(치킨)
4267,200 ,한식
4268,22 ,분식
4269,54 ,통닭(치킨)
4270,31 ,패스트푸드
4271,55 ,한식
4272,133 ,식육(숯불구이)
4273,38 ,한식
4274,101 ,식육(숯불구이)
4275,89 ,식육(숯불구이)
4276,12 ,분식
4277,16 ,분식
4278,58 ,김밥(도시락)
4279,8 ,까페
4280,30 ,한식
4281,48 ,중국식
4282,47 ,경양식
4283,123 ,기타
4284,13 ,통닭(치킨)
4285,143 ,호프/통닭
4286,50 ,호프/통닭
4287,27 ,한식
4288,74 ,식육(숯불구이)
4289,271 ,중국식
4290,81 ,한식
4291,50 ,까페
4292,49 ,통닭(치킨)
4293,38 ,한식
4294,136 ,호프/통닭
4295,103 ,호프/통닭
4296,20 ,까페
4297,74 ,한식
4298,194 ,정종/대포집/소주방
4299,60 ,식육(숯불구이)
4300,45 ,한식
4301,64 ,통닭(치킨)
4302,78 ,까페
4303,55 ,한식
4304,25 ,식육(숯불구이)
4305,137 ,식육(숯불구이)
4306,73 ,식육(숯불구이)
4307,29 ,경양식
4308,31 ,기타
4309,66 ,까페
4310,26 ,식육(숯불구이)
4311,110 ,호프/통닭
4312,44 ,패스트푸드
4313,38 ,분식
4314,52 ,통닭(치킨)
4315,63 ,분식
4316,102 ,호프/통닭
4317,25 ,호프/통닭
4318,270 ,식육(숯불구이)
4319,225 ,한식
4320,263 ,식육(숯불구이)
4321,34 ,한식
4322,94 ,한식
4323,118 ,한식
4324,165 ,중국식
4325,44 ,경양식
4326,55 ,김밥(도시락)
4327,139 ,호프/통닭
4328,134 ,한식
4329,18 ,호프/통닭
4330,42 ,호프/통닭
4331,41 ,김밥(도시락)
4332,74 ,경양식
4333,26 ,호프/통닭
4334,57 ,호프/통닭
4335,17 ,호프/통닭
4336,13 ,한식
4337,70 ,패스트푸드
4338,135 ,통닭(치킨)
4339,155 ,식육(숯불구이)
4340,97 ,일식
4341,82 ,호프/통닭
4342,57 ,통닭(치킨)
4343,67 ,호프/통닭
4344,74 ,호프/통닭
4345,95 ,한식
4346,85 ,식육(숯불구이)
4347,116 ,호프/통닭
4348,120 ,식육(숯불구이)
4349,45 ,까페
4350,32 ,호프/통닭
4351,23 ,통닭(치킨)
4352,149 ,일식
4353,78 ,호프/통닭
4354,15 ,한식
4355,43 ,한식
4356,130 ,통닭(치킨)
4357,95 ,한식
4358,228 ,분식
4359,363 ,통닭(치킨)
4360,55 ,한식
4361,113 ,중국식
4362,32 ,분식
4363,99 ,한식
4364,1468 ,뷔페식
4365,114 ,까페
4366,78 ,식육(숯불구이)
4367,47 ,까페
4368,61 ,통닭(치킨)
4369,28 ,한식
4370,65 ,호프/통닭
4371,42 ,식육(숯불구이)
4372,25 ,호프/통닭
4373,63 ,일식
4374,57 ,일식
4375,238 ,한식
4376,65 ,한식
4377,70 ,분식
4378,50 ,한식
4379,43 ,경양식
4380,57 ,호프/통닭
4381,534 ,식육(숯불구이)
4382,31 ,호프/통닭
4383,44 ,김밥(도시락)
4384,103 ,식육(숯불구이)
4385,245 ,호프/통닭
4386,48 ,식육(숯불구이)
4387,47 ,호프/통닭
4388,79 ,중국식
4389,17 ,통닭(치킨)
4390,106 ,까페
4391,64 ,까페
4392,105 ,일식
4393,150 ,한식
4394,19 ,한식
4395,19 ,탕류(보신용)
4396,130 ,한식
4397,180 ,경양식
4398,46 ,한식
4399,53 ,식육(숯불구이)
4400,34 ,한식
4401,40 ,한식
4402,221 ,한식
4403,49 ,까페
4404,138 ,식육(숯불구이)
4405,27 ,한식
4406,110 ,중국식
4407,35 ,분식
4408,61 ,김밥(도시락)
4409,38 ,한식
4410,80 ,까페
4411,95 ,한식
4412,69 ,한식
4413,304 ,한식
4414,53 ,한식
4415,59 ,호프/통닭
4416,10 ,분식
4417,78 ,호프/통닭
4418,141 ,한식
4419,131 ,한식
4420,34 ,호프/통닭
4421,27 ,호프/통닭
4422,64 ,호프/통닭
4423,20 ,기타
4424,77 ,기타
4425,161 ,식육(숯불구이)
4426,64 ,호프/통닭
4427,47 ,식육(숯불구이)
4428,618 ,기타
4429,81 ,식육(숯불구이)
4430,74 ,까페
4431,37 ,중국식
4432,39 ,호프/통닭
4433,41 ,까페
4434,305 ,까페
4435,72 ,통닭(치킨)
4436,76 ,한식
4437,47 ,식육(숯불구이)
4438,138 ,까페
4439,30 ,호프/통닭
4440,38 ,분식
4441,15 ,호프/통닭
4442,64 ,통닭(치킨)
4443,12 ,통닭(치킨)
4444,63 ,분식
4445,25 ,호프/통닭
4446,27 ,분식
4447,47 ,까페
4448,217 ,한식
4449,152 ,한식
4450,74 ,패스트푸드
4451,30 ,까페
4452,118 ,식육(숯불구이)
4453,68 ,한식
4454,62 ,한식
4455,42 ,한식
4456,219 ,기타
4457,228 ,식육(숯불구이)
4458,35 ,정종/대포집/소주방
4459,89 ,식육(숯불구이)
4460,34 ,패스트푸드
4461,58 ,한식
4462,58 ,한식
4463,24 ,식육(숯불구이)
4464,97 ,중국식
4465,83 ,분식
4466,366 ,호프/통닭
4467,267 ,호프/통닭
4468,159 ,한식
4469,40 ,호프/통닭
4470,23 ,패스트푸드
4471,0 ,중국식
4472,46 ,기타
4473,62 ,일식
4474,120 ,호프/통닭
4475,211 ,한식
4476,83 ,통닭(치킨)
4477,19 ,패스트푸드
4478,14 ,식육(숯불구이)
4479,21 ,한식
4480,89 ,한식
4481,137 ,한식
4482,85 ,한식
4483,112 ,한식
4484,228 ,한식
4485,38 ,분식
4486,26 ,통닭(치킨)
4487,0 ,패스트푸드
4488,69 ,분식
4489,57 ,식육(숯불구이)
4490,93 ,한식
4491,122 ,경양식
4492,36 ,한식
4493,36 ,식육(숯불구이)
4494,27 ,분식
4495,30 ,까페
4496,23 ,경양식
4497,35 ,분식
4498,66 ,통닭(치킨)
4499,57 ,식육(숯불구이)
4500,24 ,통닭(치킨)
4501,1406 ,식육(숯불구이)
4502,40 ,식육(숯불구이)
4503,32 ,통닭(치킨)
4504,65 ,까페
4505,28 ,통닭(치킨)
4506,37 ,분식
4507,107 ,일식
4508,43 ,식육(숯불구이)
4509,36 ,식육(숯불구이)
4510,211 ,식육(숯불구이)
4511,119 ,한식
4512,155 ,패스트푸드
4513,31 ,통닭(치킨)
4514,40 ,경양식
4515,21 ,식육(숯불구이)
4516,25 ,한식
4517,18 ,까페
4518,129 ,한식
4519,275 ,한식
4520,85 ,까페
4521,53 ,식육(숯불구이)
4522,130 ,탕류(보신용)
4523,46 ,까페
4524,96 ,식육(숯불구이)
4525,30 ,까페
4526,12 ,한식
4527,100 ,한식
4528,205 ,기타
4529,43 ,김밥(도시락)
4530,55 ,까페
4531,104 ,한식
4532,11 ,통닭(치킨)
4533,75 ,한식
4534,861 ,경양식
4535,147 ,호프/통닭
4536,24 ,까페
4537,35 ,까페
4538,168 ,한식
4539,176 ,식육(숯불구이)
4540,141 ,식육(숯불구이)
4541,23 ,김밥(도시락)
4542,89 ,통닭(치킨)
4543,85 ,한식
4544,337 ,식육(숯불구이)
4545,42 ,식육(숯불구이)
4546,35 ,호프/통닭
4547,49 ,한식
4548,18 ,식육(숯불구이)
4549,30 ,분식
4550,12 ,통닭(치킨)
4551,143 ,까페
4552,52 ,식육(숯불구이)
4553,64 ,분식
4554,116 ,까페
4555,391 ,경양식
4556,176 ,까페
4557,22 ,호프/통닭
4558,61 ,식육(숯불구이)
4559,71 ,중국식
4560,74 ,식육(숯불구이)
4561,64 ,식육(숯불구이)
4562,80 ,호프/통닭
4563,46 ,분식
4564,53 ,한식
4565,63 ,기타
4566,100 ,기타
4567,25 ,일식
4568,44 ,한식
4569,26 ,분식
4570,237 ,기타
4571,77 ,한식
4572,120 ,분식
4573,22 ,한식
4574,146 ,중국식
4575,67 ,한식
4576,50 ,분식
4577,45 ,경양식
4578,30 ,김밥(도시락)
4579,28 ,식육(숯불구이)
4580,451 ,한식
4581,89 ,기타
4582,81 ,한식
4583,41 ,분식
4584,103 ,한식
4585,109 ,호프/통닭
4586,302 ,한식
4587,64 ,한식
4588,44 ,기타
4589,101 ,식육(숯불구이)
4590,66 ,김밥(도시락)
4591,62 ,기타
4592,13 ,호프/통닭
4593,68 ,기타
4594,43 ,기타
4595,82 ,호프/통닭
4596,46 ,김밥(도시락)
4597,172 ,탕류(보신용)
4598,25 ,호프/통닭
4599,50 ,한식
4600,54 ,경양식
4601,135 ,식육(숯불구이)
4602,34 ,호프/통닭
4603,88 ,기타
4604,41 ,호프/통닭
4605,51 ,한식
4606,42 ,김밥(도시락)
4607,37 ,호프/통닭
4608,35 ,식육(숯불구이)
4609,150 ,한식
4610,40 ,호프/통닭
4611,657 ,식육(숯불구이)
4612,70 ,호프/통닭
4613,236 ,경양식
4614,39 ,호프/통닭
4615,121 ,한식
4616,39 ,호프/통닭
4617,79 ,한식
4618,85 ,경양식
4619,212 ,라이브카페
4620,31 ,호프/통닭
4621,133 ,호프/통닭
4622,162 ,식육(숯불구이)
4623,79 ,한식
4624,37 ,한식
4625,391 ,기타
4626,52 ,호프/통닭
4627,100 ,한식
4628,61 ,한식
4629,34 ,한식
4630,631 ,경양식
4631,24 ,한식
4632,31 ,식육(숯불구이)
4633,30 ,김밥(도시락)
4634,85 ,호프/통닭
4635,20 ,분식
4636,21 ,정종/대포집/소주방
4637,20 ,한식
4638,332 ,한식
4639,79 ,한식
4640,45 ,정종/대포집/소주방
4641,113 ,한식
4642,50 ,한식
4643,565 ,호프/통닭
4644,156 ,한식
4645,803 ,한식
4646,124 ,식육(숯불구이)
4647,66 ,식육(숯불구이)
4648,95 ,한식
4649,48 ,경양식
4650,110 ,분식
4651,40 ,일식
4652,44 ,한식
4653,18 ,한식
4654,426 ,한식
4655,91 ,정종/대포집/소주방
4656,19 ,식육(숯불구이)
4657,37 ,한식
4658,125 ,정종/대포집/소주방
4659,79 ,경양식
4660,89 ,경양식
4661,100 ,한식
4662,87 ,호프/통닭
4663,74 ,경양식
4664,124 ,일식
4665,14 ,호프/통닭
4666,44 ,한식
4667,22 ,호프/통닭
4668,62 ,호프/통닭
4669,59 ,호프/통닭
4670,36 ,한식
4671,48 ,정종/대포집/소주방
4672,33 ,호프/통닭
4673,49 ,한식
4674,33 ,한식
4675,28 ,경양식
4676,278 ,경양식
4677,21 ,기타
4678,123 ,한식
4679,203 ,한식
4680,37 ,식육(숯불구이)
4681,27 ,김밥(도시락)
4682,22 ,경양식
4683,46 ,분식
4684,146 ,식육(숯불구이)
4685,14 ,식육(숯불구이)
4686,37 ,일식
4687,31 ,호프/통닭
4688,95 ,식육(숯불구이)
4689,33 ,한식
4690,304 ,식육(숯불구이)
4691,57 ,김밥(도시락)
4692,20 ,호프/통닭
4693,26 ,경양식
4694,342 ,경양식
4695,20 ,호프/통닭
4696,187 ,식육(숯불구이)
4697,70 ,일식
4698,225 ,식육(숯불구이)
4699,88 ,경양식
4700,163 ,경양식
4701,525 ,일식
4702,231 ,일식
4703,73 ,한식
4704,46 ,한식
4705,67 ,일식
4706,74 ,한식
4707,57 ,한식
4708,56 ,한식
4709,74 ,일식
4710,96 ,경양식
4711,59 ,한식
4712,37 ,김밥(도시락)
4713,91 ,한식
4714,59 ,냉면집
4715,103 ,한식
4716,126 ,한식
4717,42 ,일식
4718,54 ,"외국음식전문점(인도,태국등)"
4719,258 ,냉면집
4720,180 ,경양식
4721,52 ,일식
4722,331 ,정종/대포집/소주방
4723,349 ,정종/대포집/소주방
4724,278 ,한식
4725,183 ,중국식
4726,23 ,분식
4727,126 ,한식
4728,489 ,식육(숯불구이)
4729,182 ,일식
4730,76 ,한식
4731,50 ,한식
4732,64 ,호프/통닭
4733,57 ,호프/통닭
4734,37 ,호프/통닭
4735,39 ,한식
4736,85 ,호프/통닭
4737,214 ,라이브카페
4738,80 ,일식
4739,128 ,한식
4740,74 ,경양식
4741,45 ,경양식
4742,120 ,정종/대포집/소주방
4743,114 ,정종/대포집/소주방
4744,27 ,경양식
4745,30 ,패밀리레스트랑
4746,46 ,경양식
4747,30 ,정종/대포집/소주방
4748,85 ,경양식
4749,166 ,경양식
4750,223 ,일식
4751,62 ,한식
4752,151 ,식육(숯불구이)
4753,53 ,식육(숯불구이)
4754,116 ,한식
4755,36 ,경양식
4756,148 ,탕류(보신용)
4757,122 ,식육(숯불구이)
4758,60 ,정종/대포집/소주방
4759,282 ,경양식
4760,33 ,정종/대포집/소주방
4761,127 ,식육(숯불구이)
4762,787 ,한식
4763,39 ,정종/대포집/소주방
4764,95 ,식육(숯불구이)
4765,18 ,호프/통닭
4766,240 ,한식
4767,755 ,한식
4768,44 ,분식
4769,65 ,호프/통닭
4770,361 ,일식
4771,58 ,한식
4772,32 ,식육(숯불구이)
4773,28 ,호프/통닭
4774,156 ,식육(숯불구이)
4775,79 ,호프/통닭
4776,17 ,분식
4777,212 ,경양식
4778,33 ,경양식
4779,58 ,한식
4780,66 ,분식
4781,16 ,호프/통닭
4782,144 ,"외국음식전문점(인도,태국등)"
4783,37 ,김밥(도시락)
4784,22 ,호프/통닭
4785,119 ,식육(숯불구이)
4786,22 ,한식
4787,26 ,호프/통닭
4788,116 ,한식
4789,35 ,한식
4790,44 ,한식
4791,122 ,식육(숯불구이)
4792,28 ,한식
4793,400 ,탕류(보신용)
4794,82 ,한식
4795,38 ,한식
4796,48 ,호프/통닭
4797,37 ,정종/대포집/소주방
4798,26 ,한식
4799,23 ,분식
4800,59 ,중국식
4801,113 ,정종/대포집/소주방
4802,63 ,식육(숯불구이)
4803,69 ,호프/통닭
4804,105 ,한식
4805,62 ,회집
4806,63 ,식육(숯불구이)
4807,147 ,한식
4808,20 ,경양식
4809,35 ,한식
4810,277 ,한식
4811,47 ,호프/통닭
4812,81 ,한식
4813,156 ,경양식
4814,39 ,식육(숯불구이)
4815,884 ,경양식
4816,27 ,정종/대포집/소주방
4817,61 ,식육(숯불구이)
4818,194 ,탕류(보신용)
4819,43 ,정종/대포집/소주방
4820,43 ,분식
4821,26 ,분식
4822,130 ,정종/대포집/소주방
4823,59 ,식육(숯불구이)
4824,134 ,경양식
4825,164 ,경양식
4826,19 ,한식
4827,36 ,한식
4828,18 ,정종/대포집/소주방
4829,91 ,일식
4830,81 ,경양식
4831,446 ,호프/통닭
4832,84 ,호프/통닭
4833,135 ,한식
4834,31 ,한식
4835,156 ,분식
4836,186 ,정종/대포집/소주방
4837,134 ,식육(숯불구이)
4838,48 ,일식
4839,125 ,경양식
4840,91 ,정종/대포집/소주방
4841,28 ,중국식
4842,51 ,식육(숯불구이)
4843,60 ,경양식
4844,39 ,식육(숯불구이)
4845,107 ,식육(숯불구이)
4846,62 ,경양식
4847,30 ,정종/대포집/소주방
4848,95 ,경양식
4849,189 ,한식
4850,96 ,식육(숯불구이)
4851,76 ,호프/통닭
4852,199 ,"외국음식전문점(인도,태국등)"
4853,108 ,경양식
4854,102 ,한식
4855,17 ,분식
4856,41 ,경양식
4857,109 ,식육(숯불구이)
4858,98 ,식육(숯불구이)
4859,46 ,경양식
4860,329 ,호프/통닭
4861,1940 ,일식
4862,91 ,한식
4863,100 ,한식
4864,56 ,경양식
4865,42 ,식육(숯불구이)
4866,33 ,분식
4867,18 ,호프/통닭
4868,179 ,정종/대포집/소주방
4869,128 ,호프/통닭
4870,101 ,정종/대포집/소주방
4871,222 ,한식
4872,49 ,한식
4873,24 ,정종/대포집/소주방
4874,101 ,정종/대포집/소주방
4875,24 ,정종/대포집/소주방
4876,49 ,한식
4877,55 ,뷔페식
4878,55 ,패스트푸드
4879,90 ,식육(숯불구이)
4880,24 ,김밥(도시락)
4881,13 ,한식
4882,43 ,식육(숯불구이)
4883,86 ,경양식
4884,161 ,정종/대포집/소주방
4885,32 ,경양식
4886,130 ,탕류(보신용)
4887,112 ,탕류(보신용)
4888,0 ,식육(숯불구이)
4889,61 ,한식
4890,102 ,탕류(보신용)
4891,128 ,경양식
4892,96 ,한식
4893,119 ,분식
4894,32 ,호프/통닭
4895,153 ,일식
4896,119 ,정종/대포집/소주방
4897,26 ,호프/통닭
4898,119 ,한식
4899,43 ,정종/대포집/소주방
4900,70 ,식육(숯불구이)
4901,136 ,식육(숯불구이)
4902,38 ,호프/통닭
4903,33 ,한식
4904,126 ,탕류(보신용)
4905,115 ,탕류(보신용)
4906,117 ,정종/대포집/소주방
4907,61 ,경양식
4908,9 ,정종/대포집/소주방
4909,77 ,정종/대포집/소주방
4910,13 ,식육(숯불구이)
4911,130 ,분식
4912,50 ,김밥(도시락)
4913,27 ,탕류(보신용)
4914,31 ,한식
4915,107 ,경양식
4916,190 ,식육(숯불구이)
4917,73 ,한식
4918,56 ,한식
4919,13 ,한식
4920,153 ,식육(숯불구이)
4921,114 ,기타
4922,200 ,경양식
4923,22 ,한식
4924,235 ,한식
4925,61 ,한식
4926,15 ,호프/통닭
4927,55 ,한식
4928,12 ,정종/대포집/소주방
4929,54 ,한식
4930,136 ,탕류(보신용)
4931,110 ,식육(숯불구이)
4932,67 ,분식
4933,32 ,정종/대포집/소주방
4934,31 ,정종/대포집/소주방
4935,46 ,경양식
4936,63 ,정종/대포집/소주방
4937,94 ,한식
4938,264 ,경양식
4939,34 ,한식
4940,138 ,한식
4941,50 ,경양식
4942,101 ,호프/통닭
4943,32 ,분식
4944,94 ,경양식
4945,43 ,경양식
4946,39 ,식육(숯불구이)
4947,48 ,경양식
4948,192 ,호프/통닭
4949,67 ,정종/대포집/소주방
4950,153 ,식육(숯불구이)
4951,170 ,호프/통닭
4952,52 ,한식
4953,110 ,한식
4954,26 ,탕류(보신용)
4955,20 ,식육(숯불구이)
4956,18 ,한식
4957,368 ,한식
4958,531 ,뷔페식
4959,51 ,경양식
4960,27 ,정종/대포집/소주방
4961,31 ,경양식
4962,171 ,한식
4963,158 ,한식
4964,43 ,정종/대포집/소주방
4965,9 ,한식
4966,43 ,식육(숯불구이)
4967,131 ,식육(숯불구이)
4968,250 ,한식
4969,122 ,식육(숯불구이)
4970,48 ,경양식
4971,94 ,식육(숯불구이)
4972,36 ,정종/대포집/소주방
4973,40 ,한식
4974,63 ,중국식
4975,69 ,식육(숯불구이)
4976,124 ,경양식
4977,216 ,한식
4978,82 ,경양식
4979,28 ,한식
4980,163 ,회집
4981,627 ,일식
4982,34 ,호프/통닭
4983,66 ,냉면집
4984,52 ,한식
4985,151 ,식육(숯불구이)
4986,17 ,경양식
4987,51 ,한식
4988,74 ,경양식
4989,30 ,분식
4990,140 ,경양식
4991,60 ,경양식
4992,76 ,한식
4993,134 ,한식
4994,136 ,한식
4995,127 ,식육(숯불구이)
4996,138 ,중국식
4997,148 ,한식
4998,44 ,경양식
4999,71 ,한식
5000,57 ,한식
5001,61 ,정종/대포집/소주방
5002,37 ,한식
5003,114 ,식육(숯불구이)
5004,78 ,한식
5005,66 ,한식
5006,70 ,한식
5007,84 ,한식
5008,56 ,한식
5009,137 ,한식
5010,357 ,냉면집
5011,168 ,경양식
5012,98 ,식육(숯불구이)
5013,55 ,호프/통닭
5014,25 ,한식
5015,40 ,한식
5016,149 ,식육(숯불구이)
5017,25 ,호프/통닭
5018,22 ,분식
5019,347 ,한식
5020,21 ,경양식
5021,43 ,한식
5022,23 ,김밥(도시락)
5023,31 ,호프/통닭
5024,55 ,한식
5025,84 ,정종/대포집/소주방
5026,42 ,분식
5027,87 ,식육(숯불구이)
5028,96 ,정종/대포집/소주방
5029,99 ,정종/대포집/소주방
5030,113 ,일식
5031,254 ,한식
5032,96 ,한식
5033,60 ,한식
5034,80 ,일식
5035,146 ,경양식
5036,486 ,경양식
5037,27 ,호프/통닭
5038,16 ,호프/통닭
5039,23 ,정종/대포집/소주방
5040,141 ,탕류(보신용)
5041,160 ,한식
5042,101 ,경양식
5043,49 ,경양식
5044,57 ,한식
5045,190 ,경양식
5046,99 ,분식
5047,59 ,정종/대포집/소주방
5048,31 ,식육(숯불구이)
5049,150 ,일식
5050,82 ,일식
5051,100 ,한식
5052,383 ,경양식
5053,267 ,경양식
5054,15 ,분식
5055,15 ,경양식
5056,113 ,경양식
5057,31 ,한식
5058,38 ,분식
5059,49 ,경양식
5060,85 ,경양식
5061,50 ,분식
5062,24 ,경양식
5063,118 ,한식
5064,32 ,한식
5065,92 ,경양식
5066,97 ,한식
5067,221 ,경양식
5068,244 ,한식
5069,52 ,호프/통닭
5070,99 ,냉면집
5071,78 ,한식
5072,85 ,경양식
5073,235 ,경양식
5074,124 ,한식
5075,81 ,중국식
5076,42 ,경양식
5077,123 ,정종/대포집/소주방
5078,30 ,한식
5079,76 ,정종/대포집/소주방
5080,19 ,한식
5081,26 ,식육(숯불구이)
5082,59 ,정종/대포집/소주방
5083,131 ,한식
5084,32 ,중국식
5085,67 ,한식
5086,34 ,경양식
5087,47 ,분식
5088,219 ,탕류(보신용)
5089,6 ,경양식
5090,58 ,경양식
5091,81 ,경양식
5092,99 ,경양식
5093,74 ,호프/통닭
5094,121 ,한식
5095,46 ,경양식
5096,94 ,정종/대포집/소주방
5097,188 ,한식
5098,80 ,정종/대포집/소주방
5099,133 ,한식
5100,39 ,정종/대포집/소주방
5101,40 ,한식
5102,100 ,한식
5103,70 ,일식
5104,27 ,한식
5105,86 ,식육(숯불구이)
5106,63 ,식육(숯불구이)
5107,116 ,중국식
5108,48 ,한식
5109,36 ,경양식
5110,54 ,한식
5111,74 ,경양식
5112,195 ,패밀리레스트랑
5113,123 ,일식
5114,35 ,호프/통닭
5115,37 ,분식
5116,29 ,분식
5117,35 ,호프/통닭
5118,183 ,경양식
5119,97 ,경양식
5120,37 ,분식
5121,77 ,경양식
5122,103 ,정종/대포집/소주방
5123,43 ,정종/대포집/소주방
5124,84 ,한식
5125,88 ,분식
5126,113 ,경양식
5127,190 ,정종/대포집/소주방
5128,13 ,분식
5129,117 ,일식
5130,248 ,정종/대포집/소주방
5131,99 ,정종/대포집/소주방
5132,119 ,한식
5133,159 ,경양식
5134,24 ,경양식
5135,25 ,식육(숯불구이)
5136,160 ,김밥(도시락)
5137,32 ,분식
5138,41 ,"외국음식전문점(인도,태국등)"
5139,39 ,분식
5140,8 ,경양식
5141,37 ,경양식
5142,40 ,한식
5143,60 ,호프/통닭
5144,41 ,식육(숯불구이)
5145,58 ,일식
5146,159 ,식육(숯불구이)
5147,52 ,한식
5148,425 ,탕류(보신용)
5149,232 ,한식
5150,78 ,한식
5151,434 ,한식
5152,59 ,정종/대포집/소주방
5153,14 ,분식
5154,39 ,한식
5155,121 ,식육(숯불구이)
5156,97 ,식육(숯불구이)
5157,47 ,한식
5158,20 ,호프/통닭
5159,45 ,김밥(도시락)
5160,46 ,호프/통닭
5161,210 ,기타
5162,96 ,분식
5163,80 ,분식
5164,104 ,식육(숯불구이)
5165,69 ,정종/대포집/소주방
5166,88 ,한식
5167,14 ,분식
5168,20 ,분식
5169,21 ,경양식
5170,67 ,식육(숯불구이)
5171,101 ,식육(숯불구이)
5172,23 ,식육(숯불구이)
5173,45 ,정종/대포집/소주방
5174,84 ,경양식
5175,62 ,일식
5176,27 ,호프/통닭
5177,261 ,식육(숯불구이)
5178,29 ,정종/대포집/소주방
5179,83 ,한식
5180,31 ,호프/통닭
5181,32 ,호프/통닭
5182,170 ,한식
5183,20 ,경양식
5184,231 ,식육(숯불구이)
5185,36 ,한식
5186,47 ,경양식
5187,99 ,경양식
5188,164 ,호프/통닭
5189,54 ,김밥(도시락)
5190,37 ,호프/통닭
5191,58 ,호프/통닭
5192,104 ,호프/통닭
5193,64 ,한식
5194,42 ,호프/통닭
5195,48 ,한식
5196,38 ,식육(숯불구이)
5197,84 ,호프/통닭
5198,74 ,경양식
5199,160 ,경양식
5200,67 ,경양식
5201,90 ,한식
5202,60 ,한식
5203,406 ,한식
5204,29 ,한식
5205,51 ,경양식
5206,266 ,식육(숯불구이)
5207,106 ,경양식
5208,31 ,일식
5209,57 ,한식
5210,274 ,한식
5211,52 ,경양식
5212,43 ,한식
5213,50 ,분식
5214,37 ,경양식
5215,59 ,호프/통닭
5216,350 ,한식
5217,55 ,경양식
5218,53 ,한식
5219,30 ,한식
5220,139 ,분식
5221,40 ,정종/대포집/소주방
5222,113 ,호프/통닭
5223,54 ,일식
5224,96 ,중국식
5225,56 ,정종/대포집/소주방
5226,95 ,한식
5227,46 ,호프/통닭
5228,56 ,한식
5229,113 ,경양식
5230,43 ,일식
5231,73 ,호프/통닭
5232,93 ,식육(숯불구이)
5233,71 ,경양식
5234,371 ,한식
5235,191 ,식육(숯불구이)
5236,81 ,경양식
5237,92 ,호프/통닭
5238,32 ,한식
5239,139 ,식육(숯불구이)
5240,354 ,경양식
5241,130 ,식육(숯불구이)
5242,44 ,한식
5243,88 ,한식
5244,30 ,식육(숯불구이)
5245,73 ,분식
5246,53 ,한식
5247,272 ,경양식
5248,35 ,분식
5249,42 ,호프/통닭
5250,490 ,한식
5251,106 ,일식
5252,41 ,한식
5253,37 ,분식
5254,82 ,일식
5255,73 ,기타
5256,31 ,한식
5257,91 ,호프/통닭
5258,75 ,한식
5259,89 ,호프/통닭
5260,28 ,경양식
5261,32 ,한식
5262,210 ,정종/대포집/소주방
5263,62 ,분식
5264,270 ,분식
5265,183 ,한식
5266,37 ,정종/대포집/소주방
5267,18 ,한식
5268,65 ,일식
5269,47 ,경양식
5270,48 ,한식
5271,258 ,한식
5272,97 ,정종/대포집/소주방
5273,27 ,경양식
5274,148 ,기타
5275,35 ,탕류(보신용)
5276,74 ,경양식
5277,18 ,한식
5278,23 ,식육(숯불구이)
5279,140 ,식육(숯불구이)
5280,236 ,한식
5281,93 ,경양식
5282,83 ,일식
5283,1167 ,한식
5284,15 ,호프/통닭
5285,24 ,분식
5286,146 ,탕류(보신용)
5287,63 ,식육(숯불구이)
5288,33 ,일식
5289,293 ,한식
5290,26 ,식육(숯불구이)
5291,176 ,식육(숯불구이)
5292,97 ,식육(숯불구이)
5293,44 ,한식
5294,88 ,정종/대포집/소주방
5295,50 ,한식
5296,145 ,식육(숯불구이)
5297,231 ,경양식
5298,95 ,중국식
5299,241 ,식육(숯불구이)
5300,34 ,호프/통닭
5301,120 ,식육(숯불구이)
5302,75 ,일식
5303,37 ,한식
5304,29 ,한식
5305,113 ,정종/대포집/소주방
5306,8 ,경양식
5307,105 ,호프/통닭
5308,217 ,식육(숯불구이)
5309,63 ,경양식
5310,62 ,정종/대포집/소주방
5311,245 ,정종/대포집/소주방
5312,20 ,한식
5313,14 ,한식
5314,33 ,한식
5315,105 ,경양식
5316,48 ,호프/통닭
5317,174 ,한식
5318,0 ,기타
5319,74 ,한식
5320,27 ,한식
5321,141 ,한식
5322,33 ,경양식
5323,70 ,한식
5324,65 ,탕류(보신용)
5325,382 ,한식
5326,41 ,한식
5327,71 ,경양식
5328,91 ,한식
5329,62 ,한식
5330,74 ,일식
5331,113 ,탕류(보신용)
5332,89 ,정종/대포집/소주방
5333,21 ,한식
5334,115 ,경양식
5335,65 ,분식
5336,72 ,정종/대포집/소주방
5337,64 ,한식
5338,45 ,경양식
5339,79 ,한식
5340,60 ,한식
5341,70 ,중국식
5342,41 ,호프/통닭
5343,27 ,식육(숯불구이)
5344,62 ,경양식
5345,92 ,한식
5346,57 ,일식
5347,40 ,호프/통닭
5348,226 ,경양식
5349,53 ,정종/대포집/소주방
5350,30 ,경양식
5351,70 ,정종/대포집/소주방
5352,134 ,한식
5353,108 ,한식
5354,122 ,식육(숯불구이)
5355,100 ,"외국음식전문점(인도,태국등)"
5356,373 ,정종/대포집/소주방
5357,95 ,한식
5358,174 ,한식
5359,41 ,기타
5360,55 ,경양식
5361,150 ,한식
5362,39 ,호프/통닭
5363,76 ,한식
5364,54 ,호프/통닭
5365,30 ,한식
5366,51 ,분식
5367,39 ,호프/통닭
5368,122 ,기타
5369,57 ,한식
5370,87 ,경양식
5371,107 ,한식
5372,183 ,경양식
5373,42 ,분식
5374,435 ,한식
5375,369 ,한식
5376,53 ,경양식
5377,17 ,통닭(치킨)
5378,37 ,김밥(도시락)
5379,81 ,호프/통닭
5380,57 ,호프/통닭
5381,84 ,한식
5382,23 ,정종/대포집/소주방
5383,62 ,기타
5384,61 ,경양식
5385,44 ,분식
5386,52 ,분식
5387,35 ,분식
5388,74 ,한식
5389,157 ,한식
5390,54 ,한식
5391,47 ,호프/통닭
5392,43 ,한식
5393,41 ,분식
5394,26 ,호프/통닭
5395,76 ,정종/대포집/소주방
5396,153 ,식육(숯불구이)
5397,32 ,기타
5398,36 ,한식
5399,59 ,한식
5400,40 ,기타
5401,96 ,식육(숯불구이)
5402,76 ,한식
5403,67 ,일식
5404,306 ,식육(숯불구이)
5405,21 ,정종/대포집/소주방
5406,74 ,호프/통닭
5407,174 ,경양식
5408,66 ,일식
5409,32 ,분식
5410,39 ,일식
5411,63 ,식육(숯불구이)
5412,150 ,기타
5413,95 ,기타
5414,67 ,정종/대포집/소주방
5415,49 ,식육(숯불구이)
5416,26 ,기타
5417,42 ,일식
5418,46 ,분식
5419,149 ,한식
5420,78 ,중국식
5421,24 ,한식
5422,61 ,호프/통닭
5423,288 ,호프/통닭
5424,64 ,기타
5425,37 ,분식
5426,34 ,호프/통닭
5427,32 ,한식
5428,16 ,한식
5429,98 ,경양식
5430,63 ,기타
5431,294 ,한식
5432,86 ,한식
5433,39 ,한식
5434,28 ,호프/통닭
5435,430 ,한식
5436,54 ,호프/통닭
5437,45 ,식육(숯불구이)
5438,69 ,경양식
5439,16 ,정종/대포집/소주방
5440,31 ,한식
5441,55 ,한식
5442,93 ,일식
5443,87 ,한식
5444,37 ,기타
5445,62 ,한식
5446,27 ,한식
5447,137 ,한식
5448,165 ,한식
5449,111 ,한식
5450,322 ,한식
5451,328 ,한식
5452,56 ,기타
5453,147 ,기타
5454,199 ,정종/대포집/소주방
5455,30 ,한식
5456,90 ,분식
5457,124 ,기타
5458,103 ,식육(숯불구이)
5459,39 ,기타
5460,137 ,일식
5461,51 ,한식
5462,285 ,호프/통닭
5463,180 ,호프/통닭
5464,67 ,한식
5465,80 ,식육(숯불구이)
5466,31 ,기타
5467,54 ,호프/통닭
5468,152 ,한식
5469,46 ,분식
5470,395 ,한식
5471,43 ,한식
5472,34 ,한식
5473,35 ,일식
5474,54 ,호프/통닭
5475,52 ,한식
5476,87 ,식육(숯불구이)
5477,127 ,식육(숯불구이)
5478,46 ,호프/통닭
5479,42 ,한식
5480,46 ,기타
5481,116 ,정종/대포집/소주방
5482,15 ,기타
5483,97 ,정종/대포집/소주방
5484,49 ,한식
5485,17 ,분식
5486,54 ,한식
5487,85 ,한식
5488,134 ,한식
5489,351 ,중국식
5490,272 ,한식
5491,341 ,한식
5492,47 ,한식
5493,32 ,호프/통닭
5494,42 ,한식
5495,35 ,분식
5496,52 ,한식
5497,33 ,한식
5498,31 ,일식
5499,59 ,분식
5500,270 ,중국식
5501,110 ,한식
5502,75 ,"외국음식전문점(인도,태국등)"
5503,37 ,기타
5504,23 ,분식
5505,112 ,식육(숯불구이)
5506,52 ,분식
5507,148 ,한식
5508,201 ,분식
5509,22 ,분식
5510,260 ,기타
5511,23 ,한식
5512,41 ,한식
5513,38 ,한식
5514,34 ,한식
5515,118 ,기타
5516,96 ,한식
5517,119 ,한식
5518,59 ,기타
5519,32 ,한식
5520,99 ,경양식
5521,32 ,한식
5522,52 ,식육(숯불구이)
5523,49 ,한식
5524,22 ,한식
5525,111 ,기타
5526,35 ,한식
5527,7 ,기타
5528,66 ,한식
5529,81 ,한식
5530,108 ,한식
5531,132 ,호프/통닭
5532,18 ,한식
5533,44 ,호프/통닭
5534,181 ,경양식
5535,97 ,한식
5536,91 ,기타
5537,124 ,한식
5538,41 ,기타
5539,39 ,한식
5540,98 ,한식
5541,345 ,한식
5542,101 ,한식
5543,86 ,경양식
5544,19 ,분식
5545,40 ,경양식
5546,310 ,한식
5547,129 ,한식
5548,42 ,호프/통닭
5549,32 ,김밥(도시락)
5550,47 ,한식
5551,32 ,한식
5552,141 ,기타
5553,30 ,기타
5554,50 ,기타
5555,22 ,일식
5556,79 ,한식
5557,138 ,한식
5558,33 ,기타
5559,44 ,정종/대포집/소주방
5560,38 ,한식
5561,37 ,호프/통닭
5562,81 ,한식
5563,93 ,식육(숯불구이)
5564,42 ,한식
5565,28 ,호프/통닭
5566,113 ,경양식
5567,49 ,한식
5568,123 ,한식
5569,51 ,한식
5570,30 ,한식
5571,54 ,한식
5572,37 ,기타
5573,122 ,회집
5574,123 ,기타
5575,23 ,기타
5576,34 ,분식
5577,8 ,회집
5578,308 ,"외국음식전문점(인도,태국등)"
5579,159 ,기타
5580,177 ,회집
5581,13 ,기타
5582,76 ,경양식
5583,47 ,기타
5584,120 ,한식
5585,58 ,식육(숯불구이)
5586,28 ,기타
5587,24 ,호프/통닭
5588,46 ,정종/대포집/소주방
5589,135 ,한식
5590,19 ,한식
5591,117 ,한식
5592,70 ,한식
5593,68 ,한식
5594,115 ,한식
5595,20 ,한식
5596,48 ,식육(숯불구이)
5597,123 ,한식
5598,38 ,한식
5599,44 ,호프/통닭
5600,67 ,"외국음식전문점(인도,태국등)"
5601,32 ,기타
5602,72 ,정종/대포집/소주방
5603,91 ,경양식
5604,80 ,한식
5605,19 ,한식
5606,29 ,분식
5607,70 ,한식
5608,145 ,한식
5609,198 ,한식
5610,61 ,기타
5611,25 ,한식
5612,203 ,한식
5613,54 ,호프/통닭
5614,47 ,식육(숯불구이)
5615,26 ,기타
5616,79 ,식육(숯불구이)
5617,72 ,"외국음식전문점(인도,태국등)"
5618,25 ,한식
5619,127 ,기타
5620,50 ,한식
5621,43 ,한식
5622,22 ,김밥(도시락)
5623,111 ,회집
5624,137 ,한식
5625,119 ,한식
5626,30 ,한식
5627,136 ,호프/통닭
5628,84 ,한식
5629,56 ,기타
5630,65 ,식육(숯불구이)
5631,78 ,한식
5632,87 ,기타
5633,105 ,한식
5634,24 ,한식
5635,34 ,일식
5636,76 ,한식
5637,64 ,한식
5638,20 ,일식
5639,87 ,한식
5640,110 ,기타
5641,70 ,중국식
5642,53 ,한식
5643,196 ,호프/통닭
5644,26 ,한식
5645,134 ,한식
5646,115 ,기타
5647,140 ,기타
5648,79 ,한식
5649,49 ,정종/대포집/소주방
5650,113 ,호프/통닭
5651,52 ,분식
5652,21 ,정종/대포집/소주방
5653,86 ,한식
5654,166 ,한식
5655,69 ,호프/통닭
5656,158 ,한식
5657,55 ,정종/대포집/소주방
5658,91 ,한식
5659,73 ,분식
5660,38 ,호프/통닭
5661,34 ,기타
5662,147 ,회집
5663,81 ,중국식
5664,52 ,식육(숯불구이)
5665,70 ,일식
5666,113 ,기타
5667,95 ,한식
5668,86 ,일식
5669,78 ,호프/통닭
5670,58 ,기타
5671,56 ,식육(숯불구이)
5672,80 ,기타
5673,13 ,기타
5674,22 ,기타
5675,136 ,식육(숯불구이)
5676,97 ,경양식
5677,83 ,한식
5678,94 ,중국식
5679,343 ,한식
5680,158 ,한식
5681,20 ,분식
5682,76 ,일식
5683,44 ,기타
5684,97 ,한식
5685,31 ,일식
5686,41 ,한식
5687,53 ,일식
5688,226 ,기타
5689,94 ,기타
5690,118 ,한식
5691,36 ,기타
5692,69 ,뷔페식
5693,69 ,뷔페식
5694,17 ,한식
5695,22 ,분식
5696,40 ,한식
5697,321 ,호프/통닭
5698,93 ,호프/통닭
5699,45 ,호프/통닭
5700,50 ,한식
5701,88 ,호프/통닭
5702,24 ,한식
5703,46 ,일식
5704,31 ,김밥(도시락)
5705,24 ,한식
5706,95 ,회집
5707,107 ,경양식
5708,22 ,한식
5709,48 ,한식
5710,36 ,일식
5711,199 ,호프/통닭
5712,126 ,한식
5713,48 ,일식
5714,30 ,호프/통닭
5715,26 ,호프/통닭
5716,48 ,한식
5717,28 ,경양식
5718,93 ,한식
5719,76 ,한식
5720,145 ,한식
5721,59 ,분식
5722,146 ,일식
5723,123 ,한식
5724,87 ,일식
5725,332 ,경양식
5726,131 ,한식
5727,49 ,기타
5728,60 ,한식
5729,29 ,호프/통닭
5730,109 ,한식
5731,126 ,한식
5732,46 ,기타
5733,355 ,한식
5734,157 ,정종/대포집/소주방
5735,397 ,기타
5736,18 ,분식
5737,35 ,분식
5738,83 ,중국식
5739,178 ,한식
5740,111 ,한식
5741,16 ,분식
5742,0 ,기타
5743,31 ,기타
5744,95 ,호프/통닭
5745,225 ,식육(숯불구이)
5746,142 ,분식
5747,0 ,호프/통닭
5748,0 ,한식
5749,0 ,분식
5750,0 ,기타
5751,117 ,한식
5752,60 ,중국식
5753,49 ,기타
5754,68 ,식육(숯불구이)
5755,0 ,식육(숯불구이)
5756,0 ,회집
5757,75 ,호프/통닭
5758,0 ,한식
5759,0 ,한식
5760,153 ,한식
5761,0 ,경양식
5762,0 ,한식
5763,0 ,기타
5764,0 ,식육(숯불구이)
5765,0 ,분식
5766,0 ,한식
5767,0 ,분식
5768,0 ,김밥(도시락)
5769,0 ,분식
5770,0 ,기타
5771,0 ,식육(숯불구이)
5772,0 ,한식
5773,0 ,한식
5774,0 ,기타
5775,0 ,한식
5776,0 ,경양식
5777,0 ,일식
5778,0 ,호프/통닭
5779,0 ,기타
5780,0 ,한식
5781,0 ,한식
5782,0 ,기타
